customer_id,customer_loyalty_member_status,total_orders,total_revenue,avg_transaction_value,total_profit,avg_sale_profit
8356,1,23,736.92,32.040000,323.99,14.086522
31552,1,23,771.69,33.551739,314.55,13.676087
49739,1,21,782.70,37.271429,304.71,14.510000
9888,0,20,718.62,35.931000,295.81,14.790500
29306,0,21,704.81,33.562381,289.69,13.794762
14257,1,23,707.67,30.768261,285.33,12.405652
5519,0,19,668.56,35.187368,285.03,15.001579
8980,1,20,692.51,34.625500,281.84,14.092000
4078,0,19,708.97,37.314211,281.37,14.808947
13253,0,20,672.02,33.601000,277.94,13.897000
33309,1,24,718.11,29.921250,277.76,11.573333
8269,0,21,673.55,32.073810,276.37,13.160476
3538,0,22,666.14,30.279091,271.84,12.356364
7607,1,21,662.76,31.560000,271.13,12.910952
35478,1,18,671.81,37.322778,270.91,15.050556
49199,0,24,649.59,27.066250,269.84,11.243333
1981,1,23,657.03,28.566522,268.26,11.663478
48433,1,19,664.98,34.998947,267.87,14.098421
43402,0,19,617.38,32.493684,267.45,14.076316
49951,1,24,645.27,26.886250,266.44,11.101667
23418,1,18,656.77,36.487222,263.80,14.655556
26507,1,21,656.17,31.246190,263.64,12.554286
12724,1,21,668.49,31.832857,263.27,12.536667
47879,0,21,608.08,28.956190,262.51,12.500476
12040,0,24,675.01,28.125417,260.65,10.860417
49993,0,19,629.01,33.105789,259.70,13.668421
39047,0,19,634.02,33.369474,259.24,13.644211
32746,0,20,614.87,30.743500,259.21,12.960500
15514,0,22,626.61,28.482273,258.92,11.769091
4133,1,18,658.81,36.600556,258.89,14.382778
16746,0,19,659.08,34.688421,258.30,13.594737
21780,0,21,621.69,29.604286,257.44,12.259048
20262,0,20,647.46,32.373000,257.26,12.863000
40736,1,18,622.74,34.596667,256.19,14.232778
32868,1,18,581.33,32.296111,255.44,14.191111
29918,0,21,644.99,30.713810,255.13,12.149048
49166,0,21,633.10,30.147619,254.26,12.107619
1368,1,17,592.53,34.854706,253.73,14.925294
33120,1,18,607.16,33.731111,253.04,14.057778
16587,0,20,615.74,30.787000,252.16,12.608000
21376,1,18,631.75,35.097222,252.01,14.000556
252,1,17,638.38,37.551765,249.86,14.697647
11996,0,20,614.89,30.744500,249.44,12.472000
36663,1,18,599.91,33.328333,249.11,13.839444
31283,0,16,574.76,35.922500,248.54,15.533750
14520,1,20,630.52,31.526000,248.49,12.424500
16950,1,17,622.45,36.614706,247.67,14.568824
25004,0,17,619.02,36.412941,247.50,14.558824
10796,1,18,609.45,33.858333,247.43,13.746111
7044,1,18,607.79,33.766111,246.97,13.720556
38299,0,19,589.26,31.013684,246.68,12.983158
6289,1,18,596.25,33.125000,246.48,13.693333
1509,0,19,576.06,30.318947,246.15,12.955263
14228,0,17,592.86,34.874118,246.01,14.471176
48330,0,18,548.56,30.475556,245.85,13.658333
45113,0,18,577.52,32.084444,243.36,13.520000
20864,1,19,578.56,30.450526,242.74,12.775789
22232,0,18,590.55,32.808333,242.69,13.482778
25588,0,18,574.03,31.890556,242.65,13.480556
9058,0,20,593.52,29.676000,242.45,12.122500
808,1,21,602.19,28.675714,242.35,11.540476
12549,1,17,556.63,32.742941,241.99,14.234706
12016,0,20,614.54,30.727000,241.86,12.093000
45480,1,23,633.28,27.533913,241.53,10.501304
1583,0,21,598.85,28.516667,240.74,11.463810
1657,0,17,592.00,34.823529,240.36,14.138824
49320,0,20,593.20,29.660000,240.32,12.016000
17780,1,20,602.83,30.141500,240.24,12.012000
12794,0,24,607.60,25.316667,240.05,10.002083
23171,0,20,587.48,29.374000,239.98,11.999000
4091,0,18,566.49,31.471667,239.82,13.323333
40373,0,19,599.08,31.530526,239.70,12.615789
9395,0,17,605.98,35.645882,239.56,14.091765
4918,1,21,598.46,28.498095,239.42,11.400952
7697,1,15,556.74,37.116000,239.38,15.958667
33226,1,18,588.31,32.683889,239.34,13.296667
30652,0,18,603.70,33.538889,238.87,13.270556
6887,0,15,579.02,38.601333,238.14,15.876000
22767,0,19,547.28,28.804211,238.09,12.531053
1924,1,18,590.26,32.792222,237.67,13.203889
22308,1,21,616.70,29.366667,237.16,11.293333
12104,1,16,608.11,38.006875,236.94,14.808750
34622,1,16,556.57,34.785625,236.56,14.785000
1330,0,20,574.02,28.701000,235.97,11.798500
5545,0,19,644.23,33.906842,235.93,12.417368
41717,1,17,574.65,33.802941,235.84,13.872941
39016,1,16,572.03,35.751875,235.55,14.721875
10075,1,19,551.42,29.022105,235.53,12.396316
34032,1,17,569.77,33.515882,235.25,13.838235
10160,1,18,537.46,29.858889,235.07,13.059444
7583,0,17,563.23,33.131176,234.99,13.822941
24301,0,21,559.86,26.660000,234.85,11.183333
38713,0,19,599.55,31.555263,234.82,12.358947
5383,1,19,598.60,31.505263,234.81,12.358421
14421,0,16,555.14,34.696250,234.63,14.664375
7452,0,21,592.65,28.221429,234.41,11.162381
39237,1,20,577.15,28.857500,234.33,11.716500
36421,1,16,580.29,36.268125,234.18,14.636250
42898,1,18,570.99,31.721667,234.08,13.004444
28892,0,17,561.89,33.052353,233.80,13.752941
10084,0,13,542.76,41.750769,233.61,17.970000
22375,1,16,596.29,37.268125,233.58,14.598750
23152,0,24,605.26,25.219167,232.92,9.705000
10667,0,20,552.88,27.644000,232.78,11.639000
3274,1,16,576.14,36.008750,232.67,14.541875
28120,1,19,587.76,30.934737,232.15,12.218421
37057,1,21,571.93,27.234762,231.99,11.047143
48680,0,15,554.89,36.992667,231.93,15.462000
8051,0,21,591.43,28.163333,231.86,11.040952
39947,1,15,548.88,36.592000,231.71,15.447333
4284,1,16,548.22,34.263750,231.70,14.481250
12586,1,17,569.13,33.478235,231.69,13.628824
37350,0,21,549.43,26.163333,231.44,11.020952
49264,1,20,556.85,27.842500,231.31,11.565500
34623,1,20,590.41,29.520500,231.08,11.554000
32186,0,20,575.04,28.752000,231.04,11.552000
34580,0,21,569.55,27.121429,230.93,10.996667
9919,1,18,588.48,32.693333,230.61,12.811667
25612,1,14,521.56,37.254286,230.48,16.462857
39045,0,16,582.82,36.426250,230.45,14.403125
26594,0,22,557.45,25.338636,230.37,10.471364
40575,0,18,563.24,31.291111,230.36,12.797778
3300,0,19,576.78,30.356842,230.29,12.120526
26035,1,18,591.86,32.881111,230.23,12.790556
16237,1,20,576.70,28.835000,230.22,11.511000
12161,1,17,575.71,33.865294,230.19,13.540588
43976,1,17,604.81,35.577059,230.08,13.534118
18370,1,18,559.30,31.072222,230.07,12.781667
16614,1,19,534.87,28.151053,229.77,12.093158
13531,1,21,556.12,26.481905,229.75,10.940476
41061,0,17,526.21,30.953529,229.71,13.512353
3296,1,18,548.03,30.446111,229.66,12.758889
5284,1,22,552.58,25.117273,229.58,10.435455
47682,1,21,589.89,28.090000,229.50,10.928571
39082,0,19,564.34,29.702105,229.49,12.078421
2633,1,16,540.26,33.766250,229.34,14.333750
26918,1,21,597.65,28.459524,229.33,10.920476
40775,1,14,577.93,41.280714,229.01,16.357857
35436,0,18,565.10,31.394444,228.67,12.703889
22891,0,16,546.86,34.178750,228.37,14.273125
194,0,20,558.93,27.946500,228.36,11.418000
43134,1,20,550.69,27.534500,228.28,11.414000
5418,1,19,601.79,31.673158,228.16,12.008421
20766,1,18,569.80,31.655556,227.95,12.663889
36954,0,17,550.86,32.403529,227.81,13.400588
47824,0,15,600.42,40.028000,227.73,15.182000
36031,1,18,565.65,31.425000,227.68,12.648889
11714,1,14,533.96,38.140000,227.48,16.248571
29027,1,19,564.62,29.716842,227.21,11.958421
17306,1,18,534.29,29.682778,227.08,12.615556
18789,1,18,559.86,31.103333,227.06,12.614444
16766,0,17,549.47,32.321765,227.04,13.355294
42409,0,19,538.25,28.328947,226.99,11.946842
40785,1,19,572.06,30.108421,226.83,11.938421
39375,0,22,542.29,24.649545,226.73,10.305909
23623,1,17,535.33,31.490000,226.63,13.331176
19975,1,22,556.18,25.280909,226.27,10.285000
13059,1,17,534.83,31.460588,226.02,13.295294
49103,1,18,568.85,31.602778,225.81,12.545000
49895,1,16,555.60,34.725000,225.80,14.112500
1139,1,19,560.74,29.512632,225.73,11.880526
8019,0,15,548.27,36.551333,225.73,15.048667
19243,1,20,574.37,28.718500,225.67,11.283500
19608,1,21,570.34,27.159048,225.64,10.744762
3643,0,14,561.37,40.097857,225.48,16.105714
41576,0,20,530.63,26.531500,225.46,11.273000
38733,1,23,555.41,24.148261,225.41,9.800435
34732,1,19,565.14,29.744211,225.21,11.853158
9843,1,16,556.48,34.780000,225.14,14.071250
407,1,17,540.88,31.816471,225.14,13.243529
24555,0,22,581.98,26.453636,225.09,10.231364
17240,0,18,539.76,29.986667,224.92,12.495556
17436,1,17,534.66,31.450588,224.87,13.227647
10959,1,17,583.13,34.301765,224.77,13.221765
46258,0,20,533.88,26.694000,224.74,11.237000
34352,0,15,528.23,35.215333,224.71,14.980667
47622,1,17,535.18,31.481176,224.60,13.211765
4577,0,15,555.61,37.040667,224.44,14.962667
11605,0,16,546.42,34.151250,224.42,14.026250
5601,1,16,523.50,32.718750,224.36,14.022500
32344,1,16,513.63,32.101875,224.28,14.017500
31537,1,20,533.02,26.651000,224.09,11.204500
48640,0,18,530.25,29.458333,224.03,12.446111
33814,0,17,551.53,32.442941,223.98,13.175294
14212,1,17,534.52,31.442353,223.96,13.174118
3163,0,20,554.09,27.704500,223.93,11.196500
13260,0,15,549.05,36.603333,223.93,14.928667
22342,0,15,539.13,35.942000,223.78,14.918667
41918,0,16,553.15,34.571875,223.48,13.967500
46440,1,18,558.98,31.054444,223.41,12.411667
8364,0,17,550.03,32.354706,223.29,13.134706
20043,1,19,526.20,27.694737,223.14,11.744211
7093,0,15,530.92,35.394667,223.13,14.875333
30811,1,14,515.11,36.793571,223.11,15.936429
1972,1,16,534.26,33.391250,223.10,13.943750
23760,1,16,533.64,33.352500,223.01,13.938125
13174,0,21,571.14,27.197143,222.81,10.610000
850,0,17,548.42,32.260000,222.65,13.097059
28785,0,14,519.57,37.112143,222.56,15.897143
6331,0,18,552.02,30.667778,222.41,12.356111
41474,1,17,537.36,31.609412,222.38,13.081176
45654,0,19,571.60,30.084211,222.37,11.703684
33860,1,12,530.53,44.210833,222.31,18.525833
1870,0,18,535.20,29.733333,222.21,12.345000
15039,1,18,540.66,30.036667,222.19,12.343889
34391,1,19,565.88,29.783158,222.05,11.686842
18376,1,15,567.86,37.857333,221.95,14.796667
46154,1,21,564.51,26.881429,221.78,10.560952
43829,0,19,554.37,29.177368,221.77,11.672105
741,0,14,503.02,35.930000,221.66,15.832857
39043,0,22,574.06,26.093636,221.63,10.074091
39538,0,21,522.81,24.895714,221.61,10.552857
10253,1,14,549.30,39.235714,221.58,15.827143
32240,1,17,546.39,32.140588,221.54,13.031765
48034,1,18,544.00,30.222222,221.52,12.306667
32428,0,14,543.00,38.785714,221.33,15.809286
2231,1,16,511.97,31.998125,221.29,13.830625
35292,1,20,498.34,24.917000,221.21,11.060500
14776,1,17,506.17,29.774706,220.93,12.995882
26748,0,18,553.51,30.750556,220.92,12.273333
14850,0,20,562.83,28.141500,220.91,11.045500
1950,1,18,542.73,30.151667,220.88,12.271111
15520,0,15,542.86,36.190667,220.85,14.723333
31040,1,16,519.38,32.461250,220.78,13.798750
20999,0,19,540.14,28.428421,220.77,11.619474
31501,0,20,570.63,28.531500,220.68,11.034000
798,0,15,561.67,37.444667,220.64,14.709333
37235,1,17,575.09,33.828824,220.60,12.976471
38557,1,19,591.49,31.131053,220.59,11.610000
20153,0,17,530.72,31.218824,220.49,12.970000
43679,0,19,544.71,28.668947,220.49,11.604737
3586,1,15,510.97,34.064667,220.46,14.697333
888,0,16,619.72,38.732500,220.40,13.775000
9005,1,17,525.65,30.920588,220.31,12.959412
39483,0,17,526.83,30.990000,220.18,12.951765
38137,1,18,510.81,28.378333,220.17,12.231667
13349,1,15,517.57,34.504667,220.17,14.678000
25102,1,19,559.38,29.441053,220.13,11.585789
32279,0,19,553.59,29.136316,220.09,11.583684
9075,0,17,580.99,34.175882,220.08,12.945882
48529,1,20,553.33,27.666500,220.00,11.000000
5837,0,18,593.16,32.953333,219.85,12.213889
22821,0,21,511.51,24.357619,219.72,10.462857
39783,0,16,539.15,33.696875,219.65,13.728125
38184,1,19,527.63,27.770000,219.60,11.557895
12850,1,18,517.37,28.742778,219.31,12.183889
10744,1,18,547.17,30.398333,219.27,12.181667
28533,0,18,539.32,29.962222,219.27,12.181667
27245,0,16,547.04,34.190000,219.21,13.700625
7263,1,16,566.23,35.389375,219.15,13.696875
13980,1,16,504.43,31.526875,219.06,13.691250
44787,1,20,547.36,27.368000,218.93,10.946500
1113,1,12,528.56,44.046667,218.90,18.241667
27137,0,19,544.90,28.678947,218.90,11.521053
8977,1,19,556.71,29.300526,218.89,11.520526
3624,1,21,549.48,26.165714,218.87,10.422381
23745,1,14,564.08,40.291429,218.85,15.632143
21122,1,16,582.44,36.402500,218.85,13.678125
30709,0,15,508.90,33.926667,218.74,14.582667
19220,1,17,533.58,31.387059,218.58,12.857647
3151,1,17,562.07,33.062941,218.57,12.857059
45452,0,20,515.68,25.784000,218.56,10.928000
8087,1,16,550.44,34.402500,218.49,13.655625
22490,0,20,527.27,26.363500,218.49,10.924500
9967,1,17,556.42,32.730588,218.33,12.842941
22772,1,18,523.01,29.056111,218.32,12.128889
16971,1,18,536.17,29.787222,218.28,12.126667
43724,1,16,551.25,34.453125,218.03,13.626875
37010,0,17,525.23,30.895882,217.96,12.821176
17864,0,22,572.53,26.024091,217.88,9.903636
14300,0,20,511.55,25.577500,217.83,10.891500
30795,1,17,563.53,33.148824,217.79,12.811176
25128,1,18,582.01,32.333889,217.75,12.097222
8993,1,17,524.45,30.850000,217.67,12.804118
5919,0,20,574.37,28.718500,217.49,10.874500
11216,0,17,544.25,32.014706,217.46,12.791765
21025,0,18,546.39,30.355000,217.37,12.076111
8332,0,19,526.67,27.719474,217.33,11.438421
11615,1,15,550.52,36.701333,217.12,14.474667
2450,1,19,541.51,28.500526,217.00,11.421053
43260,0,19,543.80,28.621053,216.72,11.406316
20677,0,19,539.07,28.372105,216.65,11.402632
28611,0,14,557.95,39.853571,216.60,15.471429
27082,0,14,503.62,35.972857,216.58,15.470000
10257,0,19,516.28,27.172632,216.58,11.398947
44394,0,20,536.91,26.845500,216.49,10.824500
4260,0,14,498.88,35.634286,216.39,15.456429
21004,1,17,500.40,29.435294,216.37,12.727647
33614,0,19,546.49,28.762632,216.34,11.386316
22574,0,16,504.04,31.502500,216.01,13.500625
46137,1,17,521.35,30.667647,215.92,12.701176
16419,1,18,553.95,30.775000,215.80,11.988889
13685,1,15,561.72,37.448000,215.72,14.381333
46075,0,18,555.33,30.851667,215.69,11.982778
4422,0,17,516.85,30.402941,215.65,12.685294
38400,1,20,503.66,25.183000,215.64,10.782000
34597,0,18,557.87,30.992778,215.54,11.974444
2950,0,19,541.89,28.520526,215.50,11.342105
9076,0,17,509.13,29.948824,215.44,12.672941
28548,1,17,520.36,30.609412,215.44,12.672941
27327,0,17,560.68,32.981176,215.42,12.671765
3174,0,16,533.92,33.370000,215.28,13.455000
26852,0,12,502.68,41.890000,215.25,17.937500
32786,1,19,502.31,26.437368,215.15,11.323684
1141,0,19,553.41,29.126842,215.10,11.321053
39730,1,20,535.49,26.774500,215.08,10.754000
36646,0,14,563.49,40.249286,215.07,15.362143
4886,1,14,502.86,35.918571,215.01,15.357857
43113,0,16,505.66,31.603750,215.00,13.437500
5056,1,17,515.94,30.349412,214.91,12.641765
41585,0,17,511.46,30.085882,214.82,12.636471
46136,0,18,514.04,28.557778,214.78,11.932222
20086,0,20,502.79,25.139500,214.69,10.734500
25530,0,15,551.62,36.774667,214.43,14.295333
49190,0,15,523.25,34.883333,214.33,14.288667
44871,0,16,556.01,34.750625,214.23,13.389375
44491,0,12,469.75,39.145833,214.23,17.852500
17332,0,17,534.98,31.469412,214.20,12.600000
45280,1,19,508.44,26.760000,213.96,11.261053
29801,0,18,549.66,30.536667,213.94,11.885556
26076,1,19,541.99,28.525789,213.80,11.252632
16048,1,18,551.70,30.650000,213.78,11.876667
17727,1,14,517.40,36.957143,213.73,15.266429
47486,1,20,507.90,25.395000,213.50,10.675000
32831,1,19,536.47,28.235263,213.47,11.235263
6816,1,19,505.27,26.593158,213.46,11.234737
40182,1,16,503.71,31.481875,213.43,13.339375
34132,0,19,542.52,28.553684,213.38,11.230526
23472,0,17,510.12,30.007059,213.25,12.544118
18256,1,19,518.39,27.283684,213.05,11.213158
46515,1,14,526.26,37.590000,213.03,15.216429
13131,0,17,539.12,31.712941,213.01,12.530000
1357,1,17,521.55,30.679412,213.01,12.530000
44241,0,18,562.66,31.258889,212.98,11.832222
38803,0,14,527.97,37.712143,212.95,15.210714
27780,1,18,553.46,30.747778,212.92,11.828889
46118,0,18,493.09,27.393889,212.90,11.827778
471,0,18,509.05,28.280556,212.86,11.825556
47159,0,17,547.99,32.234706,212.84,12.520000
23893,0,14,501.64,35.831429,212.78,15.198571
10706,0,16,505.02,31.563750,212.77,13.298125
26284,1,19,495.77,26.093158,212.70,11.194737
25419,1,15,505.67,33.711333,212.65,14.176667
2898,0,19,513.86,27.045263,212.41,11.179474
25829,0,17,491.47,28.910000,212.31,12.488824
38265,1,20,515.65,25.782500,212.20,10.610000
38641,1,23,543.86,23.646087,212.17,9.224783
16030,0,17,549.87,32.345294,212.16,12.480000
42757,0,15,489.81,32.654000,212.08,14.138667
2363,1,17,536.62,31.565882,211.91,12.465294
18548,0,16,531.21,33.200625,211.85,13.240625
23233,1,16,539.37,33.710625,211.82,13.238750
24277,0,21,554.04,26.382857,211.75,10.083333
19096,1,16,509.29,31.830625,211.74,13.233750
20568,1,18,536.88,29.826667,211.67,11.759444
1255,1,14,552.30,39.450000,211.59,15.113571
21354,0,17,550.99,32.411176,211.58,12.445882
25191,1,16,492.81,30.800625,211.41,13.213125
19742,1,15,526.37,35.091333,211.36,14.090667
40940,0,13,505.28,38.867692,211.36,16.258462
40662,1,19,540.82,28.464211,211.31,11.121579
11260,1,14,498.50,35.607143,211.29,15.092143
45779,0,16,491.29,30.705625,211.22,13.201250
14224,0,16,498.13,31.133125,211.20,13.200000
12996,0,16,500.66,31.291250,211.10,13.193750
11677,0,15,515.62,34.374667,211.04,14.069333
46148,1,15,512.89,34.192667,211.04,14.069333
9108,1,16,535.44,33.465000,210.92,13.182500
34793,1,16,535.96,33.497500,210.86,13.178750
23363,0,18,489.79,27.210556,210.82,11.712222
47512,1,15,508.50,33.900000,210.81,14.054000
40885,1,17,520.68,30.628235,210.81,12.400588
37519,0,14,490.76,35.054286,210.80,15.057143
30596,1,17,518.50,30.500000,210.74,12.396471
34722,0,17,517.52,30.442353,210.68,12.392941
628,1,14,531.14,37.938571,210.68,15.048571
7515,0,16,513.12,32.070000,210.67,13.166875
13196,0,17,540.45,31.791176,210.62,12.389412
43804,1,17,526.46,30.968235,210.62,12.389412
34617,1,19,541.66,28.508421,210.59,11.083684
23184,1,14,505.31,36.093571,210.59,15.042143
36517,0,17,507.61,29.859412,210.47,12.380588
34107,1,19,511.99,26.946842,210.41,11.074211
23020,0,16,541.23,33.826875,210.40,13.150000
23205,1,14,540.51,38.607857,210.40,15.028571
5891,1,18,519.53,28.862778,210.38,11.687778
49035,1,17,523.38,30.787059,210.37,12.374706
17174,1,20,523.13,26.156500,210.36,10.518000
4629,0,16,515.42,32.213750,210.36,13.147500
38269,1,16,518.46,32.403750,210.33,13.145625
30400,1,18,529.25,29.402778,210.20,11.677778
5528,0,12,461.37,38.447500,210.12,17.510000
3045,0,13,484.96,37.304615,210.09,16.160769
3478,1,16,496.56,31.035000,210.08,13.130000
20705,1,18,521.71,28.983889,210.05,11.669444
43731,0,13,492.07,37.851538,210.01,16.154615
7433,0,18,512.22,28.456667,209.93,11.662778
10504,1,19,514.45,27.076316,209.93,11.048947
44581,1,18,538.29,29.905000,209.76,11.653333
30013,0,16,508.02,31.751250,209.67,13.104375
38897,0,15,522.77,34.851333,209.65,13.976667
35223,0,19,500.21,26.326842,209.60,11.031579
27226,0,16,477.06,29.816250,209.60,13.100000
28382,0,15,503.30,33.553333,209.55,13.970000
12973,1,18,584.37,32.465000,209.48,11.637778
3997,1,21,534.12,25.434286,209.37,9.970000
13476,0,14,492.10,35.150000,209.20,14.942857
21130,1,20,542.12,27.106000,209.17,10.458500
5624,0,16,521.74,32.608750,209.11,13.069375
18361,1,18,558.72,31.040000,209.09,11.616111
6395,1,16,499.85,31.240625,209.06,13.066250
9717,0,20,520.95,26.047500,208.98,10.449000
44039,0,12,493.77,41.147500,208.96,17.413333
38639,1,18,489.58,27.198889,208.95,11.608333
19248,1,17,511.01,30.059412,208.94,12.290588
24167,1,22,489.54,22.251818,208.91,9.495909
5014,0,17,501.87,29.521765,208.88,12.287059
28749,0,19,536.34,28.228421,208.83,10.991053
15138,1,15,514.19,34.279333,208.64,13.909333
27576,1,15,509.18,33.945333,208.58,13.905333
13399,1,19,495.29,26.067895,208.52,10.974737
7872,1,17,522.96,30.762353,208.38,12.257647
5154,1,15,501.68,33.445333,208.34,13.889333
18432,0,15,492.77,32.851333,208.27,13.884667
7242,0,15,530.30,35.353333,208.26,13.884000
23096,1,15,526.38,35.092000,208.21,13.880667
25292,0,18,521.96,28.997778,207.91,11.550556
43945,1,18,490.09,27.227222,207.89,11.549444
46442,1,16,541.00,33.812500,207.88,12.992500
36519,0,19,546.63,28.770000,207.87,10.940526
19324,1,16,495.20,30.950000,207.78,12.986250
43372,0,16,519.95,32.496875,207.77,12.985625
19864,0,18,529.19,29.399444,207.74,11.541111
14397,0,17,482.43,28.378235,207.72,12.218824
24871,0,17,530.01,31.177059,207.63,12.213529
33865,0,17,559.61,32.918235,207.53,12.207647
15364,1,18,518.58,28.810000,207.52,11.528889
25993,1,15,482.07,32.138000,207.44,13.829333
26310,1,15,490.78,32.718667,207.41,13.827333
39287,1,18,530.16,29.453333,207.41,11.522778
2530,0,18,539.88,29.993333,207.38,11.521111
277,0,22,533.28,24.240000,207.37,9.425909
263,0,18,533.26,29.625556,207.34,11.518889
2900,0,17,536.32,31.548235,207.33,12.195882
39776,1,17,520.29,30.605294,207.32,12.195294
11578,0,15,542.60,36.173333,207.26,13.817333
8687,0,17,498.47,29.321765,207.19,12.187647
35202,0,19,508.33,26.754211,207.18,10.904211
17140,0,20,509.56,25.478000,207.14,10.357000
19957,1,14,474.29,33.877857,207.13,14.795000
36443,0,16,488.73,30.545625,207.09,12.943125
49246,1,14,502.41,35.886429,206.97,14.783571
40140,1,18,529.45,29.413889,206.86,11.492222
21921,1,15,495.25,33.016667,206.75,13.783333
16542,0,18,547.08,30.393333,206.67,11.481667
42799,1,15,496.82,33.121333,206.67,13.778000
32731,0,15,501.37,33.424667,206.66,13.777333
16324,0,18,507.31,28.183889,206.63,11.479444
13620,0,19,519.80,27.357895,206.55,10.871053
5185,0,18,523.26,29.070000,206.51,11.472778
42483,1,18,504.78,28.043333,206.41,11.467222
49641,1,15,533.81,35.587333,206.41,13.760667
31564,1,20,549.87,27.493500,206.40,10.320000
29080,0,14,518.84,37.060000,206.37,14.740714
37344,0,15,504.85,33.656667,206.31,13.754000
42621,0,17,542.93,31.937059,206.27,12.133529
17195,0,17,531.61,31.271176,206.21,12.130000
42329,0,16,519.23,32.451875,206.06,12.878750
9981,1,18,497.31,27.628333,206.01,11.445000
27822,1,16,495.19,30.949375,205.97,12.873125
6075,0,17,525.17,30.892353,205.96,12.115294
49492,1,14,505.78,36.127143,205.94,14.710000
32059,0,16,497.31,31.081875,205.90,12.868750
23170,0,15,517.51,34.500667,205.72,13.714667
26270,1,16,495.53,30.970625,205.61,12.850625
45269,1,14,502.74,35.910000,205.57,14.683571
1703,0,12,478.99,39.915833,205.55,17.129167
14028,1,19,523.79,27.567895,205.43,10.812105
41810,0,14,488.80,34.914286,205.43,14.673571
40594,0,15,480.29,32.019333,205.31,13.687333
40360,0,16,471.07,29.441875,205.29,12.830625
10543,1,19,520.85,27.413158,205.27,10.803684
16581,0,16,505.88,31.617500,205.27,12.829375
19776,1,19,494.28,26.014737,205.10,10.794737
25440,1,20,532.46,26.623000,205.08,10.254000
25983,1,18,515.42,28.634444,205.04,11.391111
46922,0,15,506.76,33.784000,205.04,13.669333
20621,1,19,508.75,26.776316,205.02,10.790526
24111,1,16,520.50,32.531250,204.95,12.809375
44283,0,14,474.61,33.900714,204.93,14.637857
48678,0,17,480.70,28.276471,204.90,12.052941
952,1,16,488.30,30.518750,204.87,12.804375
25875,1,15,504.41,33.627333,204.86,13.657333
31588,0,20,497.35,24.867500,204.82,10.241000
2117,0,15,482.53,32.168667,204.80,13.653333
39410,0,18,524.82,29.156667,204.68,11.371111
40975,1,16,511.57,31.973125,204.68,12.792500
16894,0,17,500.97,29.468824,204.61,12.035882
8487,1,16,486.75,30.421875,204.57,12.785625
9764,1,18,500.70,27.816667,204.56,11.364444
33628,0,18,475.79,26.432778,204.56,11.364444
25114,0,19,507.54,26.712632,204.56,10.766316
27035,0,20,514.83,25.741500,204.54,10.227000
13488,0,16,478.06,29.878750,204.52,12.782500
26319,1,16,504.66,31.541250,204.42,12.776250
24034,0,18,511.87,28.437222,204.35,11.352778
37433,0,17,501.41,29.494706,204.22,12.012941
32926,1,16,496.40,31.025000,204.22,12.763750
28901,1,17,500.72,29.454118,204.21,12.012353
12167,1,14,447.23,31.945000,204.21,14.586429
44183,1,16,535.60,33.475000,204.17,12.760625
19214,0,16,494.72,30.920000,204.14,12.758750
14707,0,19,524.83,27.622632,204.12,10.743158
34203,1,18,524.65,29.147222,204.10,11.338889
16633,1,15,475.15,31.676667,204.06,13.604000
40635,1,17,512.74,30.161176,204.04,12.002353
18150,1,16,492.97,30.810625,204.02,12.751250
29838,1,16,479.62,29.976250,203.99,12.749375
16414,1,15,485.18,32.345333,203.98,13.598667
40436,1,16,492.10,30.756250,203.97,12.748125
3412,0,17,482.22,28.365882,203.96,11.997647
43187,1,17,510.82,30.048235,203.94,11.996471
30630,0,16,495.19,30.949375,203.91,12.744375
13435,0,19,518.95,27.313158,203.89,10.731053
37523,0,15,512.05,34.136667,203.87,13.591333
30619,0,14,479.10,34.221429,203.85,14.560714
44623,1,15,498.99,33.266000,203.81,13.587333
35795,1,16,487.77,30.485625,203.79,12.736875
1663,0,17,481.94,28.349412,203.77,11.986471
1576,0,18,509.39,28.299444,203.74,11.318889
1611,0,19,467.56,24.608421,203.73,10.722632
38724,1,16,497.09,31.068125,203.69,12.730625
43946,0,17,495.86,29.168235,203.67,11.980588
23942,0,15,546.73,36.448667,203.63,13.575333
48663,0,19,534.46,28.129474,203.58,10.714737
44040,1,15,491.32,32.754667,203.57,13.571333
2962,1,17,485.17,28.539412,203.54,11.972941
4693,0,17,503.62,29.624706,203.54,11.972941
7135,0,16,526.17,32.885625,203.48,12.717500
47707,0,17,520.79,30.634706,203.48,11.969412
4046,0,16,537.67,33.604375,203.41,12.713125
46368,0,16,461.97,28.873125,203.37,12.710625
26733,1,19,506.44,26.654737,203.35,10.702632
18874,0,20,492.41,24.620500,203.31,10.165500
8040,0,17,517.18,30.422353,203.18,11.951765
20603,1,13,480.17,36.936154,203.08,15.621538
42610,0,17,508.58,29.916471,203.06,11.944706
7104,0,14,493.26,35.232857,203.06,14.504286
33791,1,16,510.05,31.878125,203.01,12.688125
42392,1,16,489.42,30.588750,202.95,12.684375
43927,0,20,497.71,24.885500,202.87,10.143500
44269,1,16,464.41,29.025625,202.84,12.677500
10195,1,19,516.59,27.188947,202.84,10.675789
17279,1,14,464.81,33.200714,202.81,14.486429
18997,0,18,490.07,27.226111,202.79,11.266111
1740,0,17,504.71,29.688824,202.72,11.924706
47675,0,14,501.70,35.835714,202.71,14.479286
42938,0,13,517.99,39.845385,202.68,15.590769
33693,0,17,511.37,30.080588,202.67,11.921765
31677,0,23,504.62,21.940000,202.67,8.811739
41755,0,17,499.63,29.390000,202.64,11.920000
46798,1,17,496.98,29.234118,202.62,11.918824
39112,0,19,461.68,24.298947,202.60,10.663158
32635,0,16,489.44,30.590000,202.59,12.661875
20020,0,21,507.73,24.177619,202.58,9.646667
24464,0,16,482.85,30.178125,202.57,12.660625
2309,0,17,493.04,29.002353,202.55,11.914706
44501,0,19,505.25,26.592105,202.52,10.658947
31129,0,12,485.62,40.468333,202.45,16.870833
45619,1,15,471.23,31.415333,202.42,13.494667
17294,1,18,495.90,27.550000,202.37,11.242778
18968,1,17,495.50,29.147059,202.35,11.902941
36608,0,16,540.92,33.807500,202.33,12.645625
15902,0,16,520.91,32.556875,202.30,12.643750
45635,0,19,493.79,25.988947,202.29,10.646842
15127,1,15,484.77,32.318000,202.21,13.480667
39485,1,19,496.89,26.152105,202.20,10.642105
42718,0,16,498.30,31.143750,202.18,12.636250
40826,1,12,474.93,39.577500,202.14,16.845000
25110,1,17,484.04,28.472941,202.14,11.890588
7818,1,17,490.86,28.874118,202.12,11.889412
7351,0,13,464.64,35.741538,202.09,15.545385
41725,0,15,495.93,33.062000,202.04,13.469333
23047,0,15,472.14,31.476000,202.01,13.467333
46850,1,15,450.93,30.062000,201.98,13.465333
2472,0,15,477.02,31.801333,201.92,13.461333
30535,0,15,522.71,34.847333,201.91,13.460667
38163,0,14,518.33,37.023571,201.85,14.417857
38863,1,19,505.00,26.578947,201.84,10.623158
36332,0,16,476.06,29.753750,201.84,12.615000
15927,0,14,491.03,35.073571,201.82,14.415714
327,0,18,517.74,28.763333,201.80,11.211111
48636,1,16,491.32,30.707500,201.72,12.607500
40959,0,21,553.72,26.367619,201.70,9.604762
34999,0,16,491.31,30.706875,201.70,12.606250
31574,0,14,476.47,34.033571,201.68,14.405714
39937,0,18,508.95,28.275000,201.67,11.203889
821,0,16,497.41,31.088125,201.65,12.603125
26742,0,13,487.08,37.467692,201.62,15.509231
40412,1,21,483.99,23.047143,201.61,9.600476
17081,0,20,517.44,25.872000,201.57,10.078500
8346,0,14,482.99,34.499286,201.56,14.397143
21514,0,17,479.65,28.214706,201.56,11.856471
9119,0,19,481.71,25.353158,201.45,10.602632
38342,1,18,499.54,27.752222,201.22,11.178889
4508,1,11,517.54,47.049091,201.19,18.290000
5805,0,13,478.90,36.838462,201.16,15.473846
7438,1,17,503.50,29.617647,201.12,11.830588
30784,1,18,501.22,27.845556,201.07,11.170556
2759,0,19,528.12,27.795789,201.02,10.580000
24415,0,17,485.52,28.560000,200.98,11.822353
2758,1,23,525.97,22.868261,200.97,8.737826
21929,1,15,470.73,31.382000,200.89,13.392667
437,1,15,480.64,32.042667,200.86,13.390667
5049,1,16,514.59,32.161875,200.84,12.552500
14276,1,15,458.59,30.572667,200.79,13.386000
49109,0,16,500.86,31.303750,200.79,12.549375
39680,1,14,510.06,36.432857,200.77,14.340714
3627,0,15,527.93,35.195333,200.62,13.374667
35139,0,16,511.23,31.951875,200.58,12.536250
3558,0,15,498.94,33.262667,200.50,13.366667
42283,0,16,478.19,29.886875,200.50,12.531250
44873,1,17,524.03,30.825294,200.41,11.788824
48319,0,19,480.85,25.307895,200.41,10.547895
46347,0,15,493.91,32.927333,200.39,13.359333
40203,1,14,478.69,34.192143,200.36,14.311429
43135,0,15,497.38,33.158667,200.35,13.356667
44850,0,18,484.57,26.920556,200.33,11.129444
12446,1,14,493.61,35.257857,200.31,14.307857
11617,0,16,483.01,30.188125,200.30,12.518750
15563,0,17,511.59,30.093529,200.30,11.782353
961,1,18,512.45,28.469444,200.30,11.127778
32168,0,18,473.66,26.314444,200.25,11.125000
29697,1,18,542.28,30.126667,200.21,11.122778
3370,0,18,488.87,27.159444,200.19,11.121667
3034,1,21,503.10,23.957143,200.18,9.532381
43001,1,22,525.46,23.884545,200.16,9.098182
49583,1,18,491.88,27.326667,200.12,11.117778
12916,1,14,472.60,33.757143,200.09,14.292143
4673,1,16,532.31,33.269375,200.07,12.504375
31682,1,18,510.21,28.345000,200.05,11.113889
2415,0,18,476.42,26.467778,200.03,11.112778
13946,0,15,464.90,30.993333,199.93,13.328667
34106,0,14,480.17,34.297857,199.86,14.275714
20228,1,20,516.15,25.807500,199.80,9.990000
2386,1,13,489.06,37.620000,199.80,15.369231
36542,1,15,519.39,34.626000,199.75,13.316667
21771,0,18,505.70,28.094444,199.70,11.094444
17825,0,16,504.35,31.521875,199.69,12.480625
33215,0,16,513.30,32.081250,199.68,12.480000
48623,0,14,494.46,35.318571,199.68,14.262857
24803,1,17,455.63,26.801765,199.63,11.742941
19030,0,12,469.49,39.124167,199.61,16.634167
19684,1,14,465.74,33.267143,199.56,14.254286
25586,0,13,467.49,35.960769,199.55,15.350000
18870,1,16,464.98,29.061250,199.50,12.468750
31963,1,15,477.33,31.822000,199.48,13.298667
43055,1,15,451.15,30.076667,199.48,13.298667
15826,0,14,487.11,34.793571,199.47,14.247857
42876,0,14,493.92,35.280000,199.44,14.245714
13217,1,14,525.42,37.530000,199.43,14.245000
9361,0,18,480.84,26.713333,199.42,11.078889
10738,0,14,492.46,35.175714,199.39,14.242143
30396,0,12,466.82,38.901667,199.34,16.611667
18699,0,16,497.82,31.113750,199.33,12.458125
16359,0,15,486.35,32.423333,199.17,13.278000
33708,1,22,475.56,21.616364,199.17,9.053182
37776,0,14,491.41,35.100714,199.17,14.226429
31882,1,17,498.32,29.312941,199.16,11.715294
11493,1,11,492.81,44.800909,199.05,18.095455
42314,0,16,487.41,30.463125,198.97,12.435625
35307,0,18,491.54,27.307778,198.89,11.049444
34354,0,13,451.84,34.756923,198.87,15.297692
25593,0,13,517.96,39.843077,198.87,15.297692
1301,0,15,474.47,31.631333,198.76,13.250667
2808,1,13,465.61,35.816154,198.75,15.288462
19682,0,14,491.25,35.089286,198.70,14.192857
6875,1,20,494.93,24.746500,198.66,9.933000
32220,0,14,478.24,34.160000,198.65,14.189286
11847,1,20,481.05,24.052500,198.62,9.931000
12237,0,19,471.29,24.804737,198.60,10.452632
24436,1,18,484.29,26.905000,198.53,11.029444
48667,0,15,480.68,32.045333,198.49,13.232667
19653,0,16,513.30,32.081250,198.47,12.404375
1032,0,15,500.83,33.388667,198.46,13.230667
10862,0,14,478.80,34.200000,198.46,14.175714
35934,1,13,462.59,35.583846,198.42,15.263077
4316,0,16,487.23,30.451875,198.41,12.400625
38591,0,17,482.23,28.366471,198.39,11.670000
48007,1,13,507.59,39.045385,198.36,15.258462
47734,0,15,465.34,31.022667,198.32,13.221333
21885,0,19,506.08,26.635789,198.31,10.437368
43425,0,13,494.52,38.040000,198.30,15.253846
37339,0,16,499.21,31.200625,198.29,12.393125
28905,1,15,458.53,30.568667,198.23,13.215333
15916,0,17,510.08,30.004706,198.23,11.660588
46833,0,14,511.39,36.527857,198.19,14.156429
47269,0,19,496.55,26.134211,198.17,10.430000
18452,1,15,480.01,32.000667,198.17,13.211333
2678,0,16,494.40,30.900000,198.16,12.385000
46800,1,20,480.84,24.042000,198.14,9.907000
16221,0,18,467.47,25.970556,198.13,11.007222
29638,1,14,478.42,34.172857,198.12,14.151429
28091,1,16,508.27,31.766875,198.09,12.380625
37391,0,17,471.05,27.708824,198.08,11.651765
6805,0,15,497.67,33.178000,198.08,13.205333
37262,1,14,498.15,35.582143,198.06,14.147143
13908,1,18,488.59,27.143889,198.03,11.001667
42536,0,16,476.16,29.760000,197.93,12.370625
19278,0,15,445.52,29.701333,197.91,13.194000
10190,1,12,491.37,40.947500,197.90,16.491667
34969,1,15,484.22,32.281333,197.90,13.193333
15834,1,19,516.47,27.182632,197.88,10.414737
13589,1,14,504.71,36.050714,197.86,14.132857
191,1,15,482.73,32.182000,197.84,13.189333
16824,1,14,472.40,33.742857,197.80,14.128571
23455,1,14,484.23,34.587857,197.80,14.128571
12039,1,14,492.96,35.211429,197.79,14.127857
28265,1,16,480.59,30.036875,197.78,12.361250
3986,1,16,473.61,29.600625,197.76,12.360000
8220,0,14,479.43,34.245000,197.75,14.125000
42120,0,13,496.72,38.209231,197.67,15.205385
35045,1,19,505.03,26.580526,197.67,10.403684
34245,0,13,479.97,36.920769,197.55,15.196154
48986,1,19,518.54,27.291579,197.52,10.395789
14678,0,15,508.47,33.898000,197.44,13.162667
16148,1,15,504.24,33.616000,197.43,13.162000
33988,0,16,481.71,30.106875,197.37,12.335625
39065,1,15,453.59,30.239333,197.37,13.158000
31168,1,15,489.00,32.600000,197.37,13.158000
1731,0,13,506.22,38.940000,197.31,15.177692
19592,0,16,490.93,30.683125,197.29,12.330625
34060,0,18,476.32,26.462222,197.28,10.960000
38567,0,17,485.47,28.557059,197.26,11.603529
698,0,13,466.77,35.905385,197.20,15.169231
45043,0,17,474.99,27.940588,197.19,11.599412
45250,0,19,509.42,26.811579,197.16,10.376842
11439,1,15,483.99,32.266000,197.16,13.144000
17613,0,19,493.10,25.952632,197.14,10.375789
34797,1,12,494.16,41.180000,197.12,16.426667
35388,0,19,483.51,25.447895,197.12,10.374737
42395,0,14,487.91,34.850714,197.11,14.079286
13316,1,12,474.11,39.509167,197.02,16.418333
8739,1,18,463.61,25.756111,196.99,10.943889
1610,1,13,460.95,35.457692,196.98,15.152308
18119,1,18,505.36,28.075556,196.96,10.942222
33206,1,18,458.34,25.463333,196.95,10.941667
33828,1,17,469.74,27.631765,196.93,11.584118
37730,1,15,470.71,31.380667,196.93,13.128667
13821,1,16,486.45,30.403125,196.93,12.308125
31264,0,20,480.95,24.047500,196.92,9.846000
11831,1,15,454.50,30.300000,196.91,13.127333
9446,0,17,502.12,29.536471,196.88,11.581176
40207,0,13,518.50,39.884615,196.86,15.143077
16648,0,15,500.53,33.368667,196.72,13.114667
12817,0,16,506.80,31.675000,196.64,12.290000
9722,1,13,533.31,41.023846,196.62,15.124615
39944,1,16,535.39,33.461875,196.62,12.288750
6031,1,15,491.55,32.770000,196.61,13.107333
67,1,19,497.38,26.177895,196.58,10.346316
10917,1,18,502.51,27.917222,196.56,10.920000
37878,1,18,504.21,28.011667,196.55,10.919444
40537,1,17,475.04,27.943529,196.55,11.561765
47849,1,15,483.29,32.219333,196.41,13.094000
47412,0,16,479.02,29.938750,196.41,12.275625
8063,1,19,440.44,23.181053,196.32,10.332632
24416,0,18,509.51,28.306111,196.30,10.905556
18585,0,19,512.36,26.966316,196.27,10.330000
31712,0,15,483.40,32.226667,196.26,13.084000
33310,0,19,453.78,23.883158,196.24,10.328421
14340,0,17,509.77,29.986471,196.23,11.542941
38042,1,15,469.24,31.282667,196.21,13.080667
17223,1,15,466.40,31.093333,196.18,13.078667
48173,0,15,461.97,30.798000,196.16,13.077333
23204,0,14,522.11,37.293571,196.14,14.010000
46912,1,14,453.64,32.402857,196.09,14.006429
18029,1,18,471.00,26.166667,196.07,10.892778
41738,1,17,462.86,27.227059,196.03,11.531176
41987,1,21,466.05,22.192857,196.00,9.333333
2848,1,14,486.17,34.726429,195.99,13.999286
6285,1,13,503.96,38.766154,195.97,15.074615
44364,0,17,483.18,28.422353,195.93,11.525294
35972,1,19,485.99,25.578421,195.91,10.311053
48591,0,20,459.99,22.999500,195.89,9.794500
9962,0,14,469.51,33.536429,195.87,13.990714
35663,1,17,480.03,28.237059,195.84,11.520000
40189,1,15,456.63,30.442000,195.81,13.054000
9234,0,14,464.05,33.146429,195.81,13.986429
24834,0,16,457.78,28.611250,195.79,12.236875
45083,1,13,482.95,37.150000,195.79,15.060769
12877,0,19,489.16,25.745263,195.78,10.304211
31629,1,16,473.46,29.591250,195.72,12.232500
31124,0,14,475.48,33.962857,195.69,13.977857
15109,1,16,469.41,29.338125,195.68,12.230000
48825,1,15,478.13,31.875333,195.62,13.041333
31014,0,14,464.74,33.195714,195.60,13.971429
14174,1,19,488.00,25.684211,195.57,10.293158
49050,1,14,452.49,32.320714,195.55,13.967857
23519,1,18,501.94,27.885556,195.52,10.862222
14533,1,17,476.70,28.041176,195.45,11.497059
13204,0,13,503.22,38.709231,195.44,15.033846
31624,0,19,492.71,25.932105,195.44,10.286316
37798,0,14,476.34,34.024286,195.40,13.957143
44237,1,17,486.86,28.638824,195.38,11.492941
43993,0,19,531.33,27.964737,195.37,10.282632
38779,0,19,503.34,26.491579,195.36,10.282105
5387,0,14,463.17,33.083571,195.35,13.953571
48155,1,14,476.39,34.027857,195.33,13.952143
22161,0,15,490.41,32.694000,195.31,13.020667
22289,0,15,488.01,32.534000,195.28,13.018667
46895,1,18,468.62,26.034444,195.28,10.848889
23682,1,17,505.61,29.741765,195.27,11.486471
32256,0,13,463.93,35.686923,195.22,15.016923
5832,1,19,465.21,24.484737,195.22,10.274737
6259,1,15,473.87,31.591333,195.21,13.014000
27585,1,19,469.23,24.696316,195.18,10.272632
15066,0,17,496.80,29.223529,195.16,11.480000
40127,0,16,459.41,28.713125,195.15,12.196875
49472,0,17,494.25,29.073529,195.14,11.478824
49842,0,13,471.32,36.255385,195.14,15.010769
23526,0,15,467.28,31.152000,195.12,13.008000
6216,0,14,458.91,32.779286,195.12,13.937143
29988,0,18,496.07,27.559444,195.09,10.838333
14387,0,14,474.07,33.862143,195.08,13.934286
2431,0,19,490.32,25.806316,195.05,10.265789
44815,1,18,502.55,27.919444,195.00,10.833333
2305,0,16,481.77,30.110625,194.98,12.186250
32624,0,17,461.87,27.168824,194.95,11.467647
10235,0,13,488.60,37.584615,194.91,14.993077
46458,1,14,452.22,32.301429,194.90,13.921429
33018,0,17,508.96,29.938824,194.90,11.464706
34289,1,16,502.95,31.434375,194.89,12.180625
11308,0,17,526.83,30.990000,194.81,11.459412
6201,0,16,450.33,28.145625,194.80,12.175000
7180,1,13,483.83,37.217692,194.80,14.984615
32811,0,17,508.19,29.893529,194.72,11.454118
10052,1,16,499.30,31.206250,194.69,12.168125
32317,0,18,459.73,25.540556,194.56,10.808889
1006,1,21,509.75,24.273810,194.54,9.263810
33139,0,16,452.16,28.260000,194.50,12.156250
23350,0,13,519.51,39.962308,194.49,14.960769
42851,0,19,496.73,26.143684,194.48,10.235789
35796,0,17,473.22,27.836471,194.47,11.439412
22056,0,17,511.40,30.082353,194.45,11.438235
47205,0,17,457.45,26.908824,194.45,11.438235
43211,1,17,480.23,28.248824,194.43,11.437059
29286,1,18,505.12,28.062222,194.40,10.800000
23895,1,13,424.07,32.620769,194.39,14.953077
34943,1,15,465.93,31.062000,194.33,12.955333
18335,1,18,507.17,28.176111,194.32,10.795556
3409,0,14,466.55,33.325000,194.27,13.876429
27334,0,15,468.71,31.247333,194.24,12.949333
3815,1,14,479.77,34.269286,194.16,13.868571
36368,0,14,484.79,34.627857,194.13,13.866429
46610,0,17,462.25,27.191176,194.12,11.418824
16866,1,18,500.26,27.792222,194.11,10.783889
34016,0,16,462.89,28.930625,194.11,12.131875
30225,1,20,467.49,23.374500,194.10,9.705000
43507,0,18,496.80,27.600000,194.10,10.783333
43580,1,15,448.47,29.898000,194.06,12.937333
13595,0,14,490.93,35.066429,194.04,13.860000
11280,0,19,478.00,25.157895,194.03,10.212105
21646,0,12,489.24,40.770000,194.01,16.167500
21200,1,14,458.06,32.718571,193.97,13.855000
24926,0,14,491.56,35.111429,193.93,13.852143
14146,1,15,469.93,31.328667,193.93,12.928667
24574,0,18,489.95,27.219444,193.86,10.770000
40686,1,17,502.74,29.572941,193.79,11.399412
35416,1,14,465.70,33.264286,193.78,13.841429
49179,1,14,501.19,35.799286,193.77,13.840714
14535,0,17,476.64,28.037647,193.73,11.395882
42110,0,16,483.96,30.247500,193.71,12.106875
33408,0,16,476.52,29.782500,193.71,12.106875
19448,1,17,445.40,26.200000,193.63,11.390000
5364,1,15,482.06,32.137333,193.62,12.908000
22046,1,24,490.79,20.449583,193.61,8.067083
21802,1,15,473.55,31.570000,193.60,12.906667
32235,0,16,524.57,32.785625,193.57,12.098125
33893,1,11,460.67,41.879091,193.50,17.590909
17697,0,17,476.86,28.050588,193.50,11.382353
26466,0,17,476.21,28.012353,193.48,11.381176
15694,0,17,527.16,31.009412,193.44,11.378824
16856,0,17,461.39,27.140588,193.38,11.375294
27330,0,14,472.48,33.748571,193.35,13.810714
48457,0,15,473.61,31.574000,193.29,12.886000
49489,1,18,471.82,26.212222,193.27,10.737222
43376,1,15,499.08,33.272000,193.25,12.883333
44180,1,15,467.40,31.160000,193.24,12.882667
19337,0,14,481.05,34.360714,193.24,13.802857
27871,0,21,511.94,24.378095,193.24,9.201905
48853,1,13,474.62,36.509231,193.19,14.860769
23828,0,18,488.77,27.153889,193.15,10.730556
35760,0,17,479.51,28.206471,193.14,11.361176
41483,0,15,494.35,32.956667,193.11,12.874000
42926,0,16,454.64,28.415000,193.10,12.068750
35563,1,18,500.24,27.791111,193.07,10.726111
2736,0,17,448.97,26.410000,193.07,11.357059
43504,0,13,441.39,33.953077,193.05,14.850000
8682,0,16,471.24,29.452500,192.96,12.060000
28244,1,18,496.97,27.609444,192.93,10.718333
14593,1,15,480.23,32.015333,192.91,12.860667
8222,1,16,452.71,28.294375,192.91,12.056875
18284,1,15,457.87,30.524667,192.90,12.860000
47736,1,16,527.99,32.999375,192.87,12.054375
30481,1,16,512.15,32.009375,192.82,12.051250
7646,0,16,486.49,30.405625,192.79,12.049375
17909,0,17,478.71,28.159412,192.78,11.340000
30239,1,15,476.00,31.733333,192.74,12.849333
35423,1,16,503.09,31.443125,192.72,12.045000
41441,1,18,463.64,25.757778,192.72,10.706667
16356,0,13,489.28,37.636923,192.71,14.823846
10634,1,17,469.65,27.626471,192.66,11.332941
45523,0,14,461.92,32.994286,192.66,13.761429
9954,1,17,470.14,27.655294,192.65,11.332353
24809,0,23,482.52,20.979130,192.62,8.374783
37696,0,12,455.40,37.950000,192.60,16.050000
9930,1,20,478.27,23.913500,192.60,9.630000
32445,1,14,458.32,32.737143,192.59,13.756429
17501,0,14,466.68,33.334286,192.54,13.752857
7711,0,15,516.64,34.442667,192.51,12.834000
48539,1,21,514.78,24.513333,192.51,9.167143
25893,1,11,474.18,43.107273,192.50,17.500000
41292,1,18,486.63,27.035000,192.49,10.693889
45342,0,13,474.99,36.537692,192.47,14.805385
29413,1,13,468.10,36.007692,192.43,14.802308
8089,1,15,491.58,32.772000,192.40,12.826667
19423,0,15,478.20,31.880000,192.37,12.824667
11339,1,18,506.48,28.137778,192.36,10.686667
36142,1,17,443.51,26.088824,192.35,11.314706
7897,0,14,450.97,32.212143,192.34,13.738571
20308,0,12,479.66,39.971667,192.33,16.027500
21967,1,17,467.44,27.496471,192.30,11.311765
41333,1,15,478.02,31.868000,192.25,12.816667
48309,0,19,464.72,24.458947,192.22,10.116842
31533,1,16,459.38,28.711250,192.21,12.013125
31742,0,18,466.40,25.911111,192.21,10.678333
27350,0,14,469.44,33.531429,192.18,13.727143
39648,1,16,460.57,28.785625,192.17,12.010625
8408,0,18,477.80,26.544444,192.16,10.675556
19532,0,13,474.38,36.490769,192.15,14.780769
42364,1,15,452.58,30.172000,192.15,12.810000
2100,0,15,475.00,31.666667,192.10,12.806667
40606,1,16,513.94,32.121250,192.08,12.005000
44954,1,17,482.05,28.355882,192.06,11.297647
32122,0,16,468.95,29.309375,192.05,12.003125
18564,0,15,467.00,31.133333,192.03,12.802000
28433,0,16,469.96,29.372500,192.01,12.000625
15327,0,14,521.06,37.218571,192.00,13.714286
20585,0,19,470.61,24.768947,191.98,10.104211
48950,1,18,473.71,26.317222,191.92,10.662222
45602,0,16,471.44,29.465000,191.91,11.994375
8795,1,17,453.46,26.674118,191.90,11.288235
13700,0,19,456.36,24.018947,191.88,10.098947
19771,0,20,460.57,23.028500,191.88,9.594000
22542,0,19,505.62,26.611579,191.88,10.098947
19045,1,15,441.21,29.414000,191.87,12.791333
15930,0,15,457.60,30.506667,191.82,12.788000
4965,1,15,485.68,32.378667,191.80,12.786667
26949,1,14,486.87,34.776429,191.78,13.698571
34756,0,15,469.43,31.295333,191.77,12.784667
49195,0,16,463.77,28.985625,191.77,11.985625
39423,0,18,466.96,25.942222,191.76,10.653333
37802,1,14,443.38,31.670000,191.76,13.697143
27569,0,15,444.74,29.649333,191.71,12.780667
33029,1,17,467.43,27.495882,191.71,11.277059
32571,1,15,500.99,33.399333,191.70,12.780000
1805,0,18,490.02,27.223333,191.69,10.649444
38101,1,15,467.86,31.190667,191.68,12.778667
30780,1,12,480.35,40.029167,191.68,15.973333
27805,1,15,453.54,30.236000,191.66,12.777333
43987,0,14,452.16,32.297143,191.64,13.688571
25526,1,18,461.37,25.631667,191.62,10.645556
40720,0,15,481.47,32.098000,191.60,12.773333
11314,1,14,484.83,34.630714,191.60,13.685714
5642,1,18,491.40,27.300000,191.60,10.644444
35838,1,15,484.06,32.270667,191.56,12.770667
9675,0,14,457.03,32.645000,191.49,13.677857
25699,0,16,485.82,30.363750,191.48,11.967500
35137,1,16,504.00,31.500000,191.38,11.961250
49056,0,18,471.98,26.221111,191.38,10.632222
2256,0,17,458.90,26.994118,191.33,11.254706
13947,0,15,473.27,31.551333,191.33,12.755333
42407,0,16,467.66,29.228750,191.32,11.957500
47226,1,18,472.67,26.259444,191.30,10.627778
17414,1,15,459.76,30.650667,191.27,12.751333
4682,0,13,459.02,35.309231,191.26,14.712308
4795,0,11,509.59,46.326364,191.25,17.386364
19918,1,15,475.85,31.723333,191.20,12.746667
33151,0,15,492.51,32.834000,191.16,12.744000
48514,0,20,505.44,25.272000,191.15,9.557500
40734,1,17,515.19,30.305294,191.13,11.242941
33870,1,13,499.67,38.436154,191.12,14.701538
15918,1,18,467.86,25.992222,191.11,10.617222
30118,1,15,445.04,29.669333,191.07,12.738000
16194,1,15,478.49,31.899333,191.05,12.736667
26107,0,14,482.84,34.488571,191.01,13.643571
30446,0,16,460.83,28.801875,191.00,11.937500
14502,1,20,478.09,23.904500,191.00,9.550000
10151,1,13,482.08,37.083077,190.97,14.690000
46804,0,14,447.16,31.940000,190.97,13.640714
