sale_id,sale_date,sale_product_id,sale_store_id,sale_customer_id,sale_quantity,sale_discount_percent,sale_revenue,sale_cost,sale_profit
1,2023-01-01,200,91,45583,5,0.15,19.68,10.46,9.21
2,2023-01-01,200,78,28456,3,0.10,27.43,14.24,13.19
3,2023-01-01,200,77,26709,4,0.00,56.84,35.66,21.18
4,2023-01-01,200,38,10932,2,0.00,20.68,12.74,7.94
5,2023-01-01,199,23,36286,2,0.00,26.96,17.48,9.48
6,2023-01-01,199,45,34899,1,0.00,4.82,3.24,1.58
7,2023-01-01,199,62,36786,3,0.00,30.51,16.34,14.17
8,2023-01-01,198,96,12431,5,0.00,20.35,13.72,6.63
9,2023-01-01,198,47,26805,1,0.20,3.90,2.49,1.41
10,2023-01-01,198,46,34533,2,0.00,25.16,14.70,10.46
11,2023-01-01,198,32,26540,2,0.00,23.82,13.92,9.90
12,2023-01-01,198,34,3874,1,0.10,11.85,6.11,5.74
13,2023-01-01,198,85,36898,4,0.20,28.83,17.21,11.62
14,2023-01-01,198,41,6867,5,0.00,18.35,11.97,6.38
15,2023-01-01,197,38,22166,3,0.10,31.10,17.30,13.80
16,2023-01-01,197,97,25118,4,0.10,41.15,23.53,17.62
17,2023-01-01,197,75,47862,1,0.10,11.50,6.16,5.34
18,2023-01-01,196,97,44813,4,0.00,20.36,11.80,8.56
19,2023-01-01,196,23,13031,3,0.15,15.17,8.27,6.90
20,2023-01-01,196,82,14449,4,0.20,18.50,11.87,6.62
21,2023-01-01,196,18,26807,4,0.00,52.40,33.10,19.30
22,2023-01-01,196,7,40999,3,0.00,10.38,5.22,5.16
23,2023-01-01,195,28,31655,5,0.00,31.60,20.34,11.26
24,2023-01-01,195,71,165,4,0.00,56.64,38.02,18.62
25,2023-01-01,194,51,43907,2,0.00,17.68,11.08,6.60
26,2023-01-01,194,40,43731,4,0.00,40.96,25.74,15.22
27,2023-01-01,194,68,41092,5,0.00,24.40,14.37,10.03
28,2023-01-01,193,29,18399,1,0.00,11.41,7.24,4.17
29,2023-01-01,193,40,48719,3,0.20,26.45,18.00,8.45
30,2023-01-01,193,79,12170,1,0.00,8.67,5.24,3.43
31,2023-01-01,193,72,6021,4,0.20,38.21,19.35,18.86
32,2023-01-01,193,6,41528,3,0.00,27.69,15.13,12.56
33,2023-01-01,192,44,16843,3,0.00,41.73,24.57,17.16
34,2023-01-01,192,60,4117,1,0.10,2.72,1.83,0.89
35,2023-01-01,191,90,21162,1,0.00,14.02,9.20,4.82
36,2023-01-01,191,100,847,3,0.00,13.02,6.79,6.23
37,2023-01-01,191,31,27928,2,0.20,11.89,8.16,3.73
38,2023-01-01,190,95,39356,2,0.00,19.84,12.25,7.59
39,2023-01-01,190,70,5957,5,0.15,23.54,12.03,11.51
40,2023-01-01,190,60,46645,1,0.00,6.96,4.81,2.15
41,2023-01-01,189,98,21305,1,0.00,12.14,6.19,5.95
42,2023-01-01,189,81,24464,5,0.00,40.85,23.81,17.04
43,2023-01-01,189,54,20528,3,0.20,25.68,16.22,9.46
44,2023-01-01,189,50,37981,1,0.00,14.26,8.36,5.90
45,2023-01-01,189,45,8535,1,0.00,5.15,3.15,2.00
46,2023-01-01,189,68,40484,2,0.00,16.76,8.84,7.92
47,2023-01-01,189,19,39759,2,0.00,14.54,8.52,6.02
48,2023-01-01,188,8,14558,2,0.00,6.88,4.19,2.69
49,2023-01-01,188,13,42178,1,0.10,9.42,6.16,3.26
50,2023-01-01,188,78,11278,2,0.00,28.16,14.35,13.81
51,2023-01-01,187,19,35351,1,0.00,5.38,2.99,2.39
52,2023-01-01,187,69,16950,4,0.00,37.36,25.90,11.46
53,2023-01-01,187,9,24073,4,0.10,13.39,7.12,6.27
54,2023-01-01,186,87,21475,5,0.00,49.95,33.40,16.55
55,2023-01-01,186,52,3697,1,0.10,4.73,2.60,2.13
56,2023-01-01,186,50,48092,4,0.00,56.88,39.51,17.37
57,2023-01-01,186,7,21879,4,0.00,47.76,30.78,16.98
58,2023-01-01,186,12,24102,4,0.00,45.00,25.94,19.06
59,2023-01-01,185,16,19307,5,0.00,27.80,15.53,12.27
60,2023-01-01,185,65,9692,5,0.00,68.80,47.60,21.20
61,2023-01-01,184,58,2115,4,0.15,22.98,12.94,10.04
62,2023-01-01,184,60,2221,3,0.20,32.66,22.18,10.48
63,2023-01-01,183,74,30299,1,0.10,7.43,4.90,2.54
64,2023-01-01,183,38,37841,3,0.00,10.92,6.28,4.64
65,2023-01-01,183,84,9323,1,0.20,5.53,3.67,1.86
66,2023-01-01,183,91,14074,3,0.15,31.75,16.80,14.94
67,2023-01-01,183,47,31790,2,0.20,6.59,4.06,2.54
68,2023-01-01,182,95,5546,3,0.00,20.19,11.74,8.45
69,2023-01-01,182,26,34542,1,0.00,8.76,5.27,3.49
70,2023-01-01,182,38,18039,4,0.00,58.28,35.44,22.84
71,2023-01-01,182,58,38885,5,0.00,73.60,46.17,27.43
72,2023-01-01,182,1,29627,3,0.20,34.94,18.86,16.09
73,2023-01-01,181,70,16710,5,0.00,63.10,43.74,19.36
74,2023-01-01,181,64,16186,1,0.00,8.30,4.76,3.54
75,2023-01-01,181,48,27475,2,0.20,9.65,5.37,4.28
76,2023-01-01,181,78,46922,4,0.10,50.18,30.01,20.17
77,2023-01-01,180,97,47965,3,0.15,15.96,11.14,4.82
78,2023-01-01,180,36,48384,4,0.15,40.77,21.15,19.61
79,2023-01-01,180,17,9856,1,0.10,13.19,6.68,6.51
80,2023-01-01,179,60,10746,4,0.00,29.40,18.25,11.15
81,2023-01-01,178,53,10432,2,0.00,14.44,7.34,7.10
82,2023-01-01,178,62,44167,4,0.00,20.16,10.80,9.36
83,2023-01-01,178,80,14316,1,0.00,5.49,2.79,2.70
84,2023-01-01,178,26,12790,3,0.00,10.80,6.15,4.65
85,2023-01-01,177,23,36883,1,0.10,3.91,2.29,1.63
86,2023-01-01,177,26,32182,4,0.00,35.44,18.58,16.86
87,2023-01-01,177,67,30591,5,0.00,64.95,35.90,29.05
88,2023-01-01,177,83,9167,1,0.20,4.83,3.32,1.51
89,2023-01-01,177,55,25798,2,0.20,8.46,5.81,2.66
90,2023-01-01,177,10,17013,2,0.00,12.96,6.91,6.05
91,2023-01-01,176,76,42440,5,0.10,54.18,32.65,21.53
92,2023-01-01,176,59,28679,1,0.00,6.00,4.17,1.83
93,2023-01-01,176,13,28864,4,0.00,52.44,31.65,20.79
94,2023-01-01,176,100,27876,1,0.15,7.91,4.40,3.50
95,2023-01-01,176,90,26104,5,0.00,54.80,35.31,19.49
96,2023-01-01,176,37,29410,3,0.00,36.72,23.31,13.41
97,2023-01-01,176,26,15884,1,0.00,14.62,9.71,4.91
98,2023-01-01,176,83,39531,2,0.00,20.50,11.25,9.25
99,2023-01-01,176,36,25160,5,0.00,69.60,41.79,27.81
100,2023-01-01,175,1,37187,3,0.00,42.27,26.30,15.97
101,2023-01-01,174,73,40707,2,0.10,26.35,14.25,12.10
102,2023-01-01,174,88,11877,2,0.00,18.94,9.85,9.09
103,2023-01-01,174,64,29471,5,0.00,31.15,17.84,13.31
104,2023-01-01,173,87,19621,2,0.20,20.11,11.46,8.66
105,2023-01-01,173,46,45921,2,0.10,16.85,11.78,5.07
106,2023-01-01,173,41,12435,4,0.00,59.24,35.33,23.91
107,2023-01-01,173,63,42006,4,0.10,24.37,13.02,11.35
108,2023-01-01,172,38,11180,3,0.20,11.95,7.65,4.30
109,2023-01-01,172,96,45657,5,0.20,48.88,33.32,15.56
110,2023-01-01,172,2,48556,4,0.15,41.96,24.92,17.03
111,2023-01-01,172,50,21780,1,0.00,4.90,2.78,2.12
112,2023-01-01,172,64,49951,2,0.10,5.99,3.44,2.56
113,2023-01-01,171,89,22713,5,0.15,47.13,29.93,17.21
114,2023-01-01,171,35,29424,1,0.10,8.96,5.17,3.78
115,2023-01-01,171,91,1622,4,0.00,46.60,25.59,21.01
116,2023-01-01,170,47,32215,3,0.00,35.04,23.54,11.50
117,2023-01-01,170,92,49831,2,0.00,22.94,12.01,10.93
118,2023-01-01,170,26,1471,5,0.15,45.56,29.20,16.36
119,2023-01-01,170,14,5476,2,0.00,19.48,13.16,6.32
120,2023-01-01,170,3,11504,4,0.20,37.09,22.64,14.45
121,2023-01-01,169,42,665,2,0.00,10.68,6.53,4.15
122,2023-01-01,169,35,22549,1,0.00,4.67,2.96,1.71
123,2023-01-01,169,20,9993,4,0.00,52.48,28.23,24.25
124,2023-01-01,169,24,14408,5,0.15,16.19,10.99,5.21
125,2023-01-01,169,78,38133,1,0.00,5.43,3.64,1.79
126,2023-01-01,169,81,46861,1,0.00,7.30,4.82,2.48
127,2023-01-01,169,48,2614,3,0.00,30.03,15.21,14.82
128,2023-01-01,169,5,24022,3,0.00,26.61,17.16,9.45
129,2023-01-01,169,72,48889,1,0.00,12.54,8.09,4.45
130,2023-01-01,168,34,28964,2,0.00,26.66,14.97,11.69
131,2023-01-01,168,77,30722,4,0.10,34.70,24.21,10.50
132,2023-01-01,168,26,33985,3,0.00,33.93,19.86,14.07
133,2023-01-01,168,82,3737,1,0.00,8.30,5.69,2.61
134,2023-01-01,167,47,17496,5,0.00,44.95,26.72,18.23
135,2023-01-01,167,8,34653,3,0.00,16.68,8.96,7.72
136,2023-01-01,167,81,8358,1,0.20,7.10,4.23,2.88
137,2023-01-01,166,67,33764,4,0.00,18.40,12.16,6.24
138,2023-01-01,166,32,21955,3,0.00,20.97,10.84,10.13
139,2023-01-01,166,24,38261,2,0.00,18.12,10.80,7.32
140,2023-01-01,166,37,4797,3,0.00,13.05,8.75,4.30
141,2023-01-01,165,82,13106,1,0.00,8.47,4.67,3.80
142,2023-01-01,165,92,22792,3,0.20,15.46,8.82,6.63
143,2023-01-01,165,19,44735,1,0.00,12.97,6.87,6.10
144,2023-01-01,165,38,8005,2,0.20,18.19,11.75,6.45
145,2023-01-01,165,80,43116,2,0.20,5.02,2.67,2.35
146,2023-01-01,165,39,45800,2,0.00,26.06,15.33,10.73
147,2023-01-01,164,71,44427,3,0.00,15.66,10.31,5.35
148,2023-01-01,164,53,15553,2,0.00,9.04,5.77,3.27
149,2023-01-01,163,37,7461,4,0.00,56.08,34.06,22.02
150,2023-01-01,163,47,16187,5,0.00,53.05,29.74,23.31
151,2023-01-01,163,91,38711,2,0.15,24.82,13.55,11.27
152,2023-01-01,163,94,21958,2,0.00,18.74,10.77,7.97
153,2023-01-01,163,58,6572,5,0.20,56.36,38.38,17.98
154,2023-01-01,162,85,39226,3,0.15,24.61,16.44,8.16
155,2023-01-01,162,65,1534,2,0.00,10.78,7.09,3.69
156,2023-01-01,161,84,23019,3,0.15,22.52,11.50,11.02
157,2023-01-01,161,54,48698,4,0.15,23.90,16.53,7.37
158,2023-01-01,161,94,2798,3,0.00,25.68,16.37,9.31
159,2023-01-01,160,34,23660,1,0.20,2.62,1.58,1.04
160,2023-01-01,160,52,2553,4,0.00,54.40,28.85,25.55
161,2023-01-01,160,33,42107,2,0.00,15.70,9.85,5.85
162,2023-01-01,160,5,16359,5,0.00,45.60,30.44,15.16
163,2023-01-01,159,49,44953,3,0.15,15.91,9.70,6.21
164,2023-01-01,159,20,41050,1,0.00,9.28,5.23,4.05
165,2023-01-01,159,83,10977,4,0.00,53.92,34.14,19.78
166,2023-01-01,158,99,16679,3,0.00,9.45,5.38,4.07
167,2023-01-01,158,41,20422,2,0.00,27.54,17.24,10.30
168,2023-01-01,158,66,24620,1,0.00,4.47,2.67,1.80
169,2023-01-01,158,100,25017,3,0.00,27.48,13.95,13.53
170,2023-01-01,158,7,2365,3,0.00,37.11,25.39,11.72
171,2023-01-01,158,18,47918,1,0.15,6.26,3.67,2.59
172,2023-01-01,158,76,30906,2,0.00,13.14,6.70,6.44
173,2023-01-01,158,29,44272,1,0.00,9.00,6.03,2.97
174,2023-01-01,158,17,34407,5,0.00,28.10,15.09,13.01
175,2023-01-01,157,6,25124,4,0.20,32.90,22.33,10.57
176,2023-01-01,157,44,12936,4,0.00,21.72,13.90,7.82
177,2023-01-01,157,78,13449,1,0.00,11.01,7.09,3.92
178,2023-01-01,156,91,49964,4,0.10,30.53,16.25,14.28
179,2023-01-01,156,4,27411,3,0.00,31.86,17.62,14.24
180,2023-01-01,155,47,46234,1,0.00,7.72,5.32,2.40
181,2023-01-01,154,84,16268,3,0.00,33.12,18.37,14.75
182,2023-01-01,154,1,24436,5,0.15,59.63,39.72,19.91
183,2023-01-01,153,5,14630,2,0.00,17.28,10.42,6.86
184,2023-01-01,153,34,43897,1,0.00,9.93,6.00,3.93
185,2023-01-01,153,39,45512,4,0.00,25.12,13.67,11.45
186,2023-01-01,153,40,31388,4,0.15,15.71,9.56,6.15
187,2023-01-01,153,15,35578,4,0.20,21.86,11.67,10.18
188,2023-01-01,153,71,38588,3,0.00,41.97,21.87,20.10
189,2023-01-01,152,41,40468,3,0.20,26.69,15.46,11.22
190,2023-01-01,151,88,7037,3,0.00,20.85,10.51,10.34
191,2023-01-01,151,23,28975,2,0.00,8.68,5.16,3.52
192,2023-01-01,151,21,45744,5,0.20,47.52,26.98,20.54
193,2023-01-01,150,50,26062,4,0.00,13.48,9.06,4.42
194,2023-01-01,150,86,41473,1,0.10,10.64,6.72,3.92
195,2023-01-01,149,66,46047,5,0.00,40.85,20.43,20.42
196,2023-01-01,149,71,44819,3,0.00,18.51,10.72,7.79
197,2023-01-01,149,86,29913,2,0.00,25.86,16.69,9.17
198,2023-01-01,149,89,29070,5,0.00,73.60,45.02,28.58
199,2023-01-01,148,48,33038,2,0.15,24.68,16.55,8.14
200,2023-01-01,148,86,18750,2,0.00,18.58,11.29,7.29
201,2023-01-01,148,22,39964,5,0.00,17.30,11.53,5.77
202,2023-01-01,148,24,17151,5,0.15,51.81,29.38,22.43
203,2023-01-01,148,73,30345,2,0.00,20.32,12.85,7.47
204,2023-01-01,147,83,10864,2,0.00,22.80,15.12,7.68
205,2023-01-01,147,50,6146,5,0.00,40.65,26.15,14.50
206,2023-01-01,147,38,10113,4,0.00,28.32,14.46,13.86
207,2023-01-01,146,3,19004,4,0.20,18.88,11.17,7.71
208,2023-01-01,146,30,46601,4,0.00,26.24,16.72,9.52
209,2023-01-01,146,17,33814,5,0.00,55.80,30.92,24.88
210,2023-01-01,146,40,47059,3,0.00,18.09,11.64,6.45
211,2023-01-01,146,12,13636,5,0.15,32.73,19.46,13.27
212,2023-01-01,145,88,4868,5,0.10,33.12,19.49,13.63
213,2023-01-01,145,40,26827,1,0.00,14.00,7.60,6.40
214,2023-01-01,145,26,15048,3,0.00,17.43,11.65,5.78
215,2023-01-01,145,48,8829,5,0.20,16.48,11.29,5.19
216,2023-01-01,145,72,9974,4,0.10,34.56,19.12,15.44
217,2023-01-01,145,43,18783,4,0.00,16.48,10.49,5.99
218,2023-01-01,145,3,31302,1,0.00,3.24,1.76,1.48
219,2023-01-01,144,94,28171,3,0.00,44.49,24.77,19.72
220,2023-01-01,144,69,8091,2,0.00,28.52,15.39,13.13
221,2023-01-01,144,30,15120,5,0.15,56.95,38.28,18.67
222,2023-01-01,144,1,18744,2,0.10,19.44,9.77,9.67
223,2023-01-01,143,60,17067,1,0.00,11.44,7.67,3.77
224,2023-01-01,143,86,25980,2,0.00,8.12,4.11,4.01
225,2023-01-01,142,66,17056,1,0.00,3.04,1.57,1.47
226,2023-01-01,142,55,25258,4,0.00,51.44,31.02,20.42
227,2023-01-01,142,65,3857,5,0.00,44.30,24.23,20.07
228,2023-01-01,142,47,35140,1,0.20,9.46,6.33,3.13
229,2023-01-01,142,49,21287,3,0.00,44.16,27.45,16.71
230,2023-01-01,141,95,43149,1,0.20,11.98,7.41,4.57
231,2023-01-01,141,74,8921,1,0.00,12.93,8.62,4.31
232,2023-01-01,141,8,22669,3,0.00,26.34,16.39,9.95
233,2023-01-01,141,41,2540,1,0.00,11.19,7.72,3.47
234,2023-01-01,141,22,11442,5,0.00,73.25,46.35,26.90
235,2023-01-01,140,75,2882,2,0.00,24.98,12.78,12.20
236,2023-01-01,140,31,44225,4,0.00,21.20,11.64,9.56
237,2023-01-01,140,13,40464,2,0.00,10.14,6.04,4.10
238,2023-01-01,139,55,4558,4,0.20,28.58,14.65,13.93
239,2023-01-01,139,91,23916,1,0.20,3.42,1.99,1.43
240,2023-01-01,138,27,27079,3,0.15,20.55,11.50,9.05
241,2023-01-01,138,35,25628,5,0.00,67.85,35.23,32.62
242,2023-01-01,138,56,40775,4,0.20,34.78,21.22,13.56
243,2023-01-01,138,99,21782,4,0.00,13.28,9.07,4.21
244,2023-01-01,137,31,27362,1,0.00,8.75,4.95,3.80
245,2023-01-01,137,98,22262,4,0.10,27.29,17.99,9.30
246,2023-01-01,136,67,36919,5,0.10,55.26,36.98,18.28
247,2023-01-01,136,74,11505,5,0.00,42.75,28.48,14.27
248,2023-01-01,136,92,3432,5,0.00,43.80,23.34,20.46
249,2023-01-01,135,29,43806,5,0.00,63.05,42.12,20.93
250,2023-01-01,135,16,8939,5,0.00,18.00,9.31,8.69
251,2023-01-01,135,25,16731,4,0.20,33.98,23.31,10.68
252,2023-01-01,134,65,39716,5,0.00,24.75,14.20,10.55
253,2023-01-01,133,53,10110,5,0.20,56.40,30.31,26.09
254,2023-01-01,133,9,31075,4,0.00,23.00,15.78,7.22
255,2023-01-01,133,36,22960,5,0.00,57.75,31.21,26.54
256,2023-01-01,133,29,46665,3,0.20,11.06,5.72,5.34
257,2023-01-01,132,59,38636,3,0.00,27.09,17.28,9.81
258,2023-01-01,132,95,39217,5,0.00,42.00,23.69,18.31
259,2023-01-01,132,29,5615,4,0.10,11.81,7.71,4.10
260,2023-01-01,132,3,14280,3,0.10,14.63,8.68,5.96
261,2023-01-01,131,39,26245,5,0.10,20.57,14.10,6.47
262,2023-01-01,131,74,22276,1,0.00,5.02,3.32,1.70
263,2023-01-01,131,24,14036,4,0.00,14.52,8.79,5.73
264,2023-01-01,130,84,8879,3,0.00,14.25,8.15,6.10
265,2023-01-01,129,15,49275,3,0.20,16.87,11.23,5.64
266,2023-01-01,129,98,40603,1,0.00,6.20,3.84,2.36
267,2023-01-01,129,5,13393,4,0.20,27.87,19.42,8.45
268,2023-01-01,129,6,606,3,0.10,23.36,15.76,7.59
269,2023-01-01,129,5,34371,1,0.10,12.11,8.30,3.80
270,2023-01-01,129,100,38227,4,0.10,44.50,27.59,16.91
271,2023-01-01,128,2,4383,2,0.10,24.44,16.70,7.75
272,2023-01-01,128,38,38131,4,0.15,15.27,7.66,7.61
273,2023-01-01,128,37,22958,3,0.00,24.39,14.79,9.60
274,2023-01-01,128,71,10582,1,0.00,4.52,3.02,1.50
275,2023-01-01,128,56,875,3,0.00,19.32,10.94,8.38
276,2023-01-01,127,5,8107,3,0.00,17.76,8.94,8.82
277,2023-01-01,127,8,44623,4,0.00,43.24,23.97,19.27
278,2023-01-01,127,80,14196,3,0.00,38.46,21.54,16.92
279,2023-01-01,127,50,43395,1,0.00,14.39,7.61,6.78
280,2023-01-01,126,12,36907,2,0.20,22.10,12.63,9.46
281,2023-01-01,125,34,32053,2,0.00,9.22,6.01,3.21
282,2023-01-01,125,76,18660,1,0.00,11.35,7.90,3.45
283,2023-01-01,125,88,2276,3,0.20,9.19,4.80,4.40
284,2023-01-01,125,7,41106,4,0.10,12.17,7.97,4.20
285,2023-01-01,124,41,4747,3,0.00,22.23,15.05,7.18
286,2023-01-01,124,92,26083,1,0.00,12.29,6.95,5.34
287,2023-01-01,124,6,25144,4,0.00,37.08,23.01,14.07
288,2023-01-01,124,89,23890,5,0.00,25.25,14.11,11.14
289,2023-01-01,124,8,32955,1,0.00,12.30,8.19,4.11
290,2023-01-01,124,22,32442,3,0.00,23.61,14.79,8.82
291,2023-01-01,123,56,8846,1,0.10,8.69,5.45,3.24
292,2023-01-01,123,17,7351,5,0.00,35.20,20.28,14.92
293,2023-01-01,123,83,40008,3,0.00,38.70,26.24,12.46
294,2023-01-01,123,3,11456,3,0.20,10.27,6.12,4.15
295,2023-01-01,123,62,43312,3,0.00,44.55,22.53,22.02
296,2023-01-01,122,37,36619,4,0.00,47.44,32.58,14.86
297,2023-01-01,122,68,34404,4,0.15,32.06,22.01,10.05
298,2023-01-01,122,37,39815,1,0.00,13.06,8.20,4.86
299,2023-01-01,121,58,20324,3,0.00,34.32,23.06,11.26
300,2023-01-01,121,39,42652,2,0.20,8.40,5.62,2.78
301,2023-01-01,120,55,2162,5,0.00,26.60,17.04,9.56
302,2023-01-01,120,83,20044,4,0.20,46.82,26.97,19.85
303,2023-01-01,119,57,26545,3,0.15,11.65,7.41,4.24
304,2023-01-01,119,60,5165,5,0.20,58.48,29.84,28.64
305,2023-01-01,119,20,32209,1,0.00,7.70,4.11,3.59
306,2023-01-01,119,84,43241,1,0.15,3.93,2.28,1.65
307,2023-01-01,118,21,27126,1,0.15,5.52,3.54,1.99
308,2023-01-01,118,86,46442,5,0.00,38.80,26.15,12.65
309,2023-01-01,117,18,20540,2,0.00,13.46,8.76,4.70
310,2023-01-01,116,65,15197,2,0.20,5.31,2.82,2.50
311,2023-01-01,114,5,28480,5,0.00,31.30,18.27,13.03
312,2023-01-01,114,11,27005,2,0.00,23.74,12.92,10.82
313,2023-01-01,114,25,30444,4,0.00,50.88,33.79,17.09
314,2023-01-01,114,91,26731,3,0.00,9.93,5.82,4.11
315,2023-01-01,113,74,5370,4,0.15,16.25,9.26,7.00
316,2023-01-01,113,50,46514,2,0.15,6.75,4.14,2.61
317,2023-01-01,113,21,37677,1,0.00,6.14,4.10,2.04
318,2023-01-01,112,22,17684,4,0.20,11.33,6.84,4.49
319,2023-01-01,112,94,28044,5,0.00,47.75,31.51,16.24
320,2023-01-01,112,27,36762,2,0.00,29.92,18.32,11.60
321,2023-01-01,112,13,35298,2,0.00,14.40,9.71,4.69
322,2023-01-01,110,17,46820,4,0.00,39.28,20.80,18.48
323,2023-01-01,110,75,40581,1,0.00,4.95,3.44,1.51
324,2023-01-01,110,89,4556,1,0.00,5.50,3.83,1.67
325,2023-01-01,110,52,37563,1,0.00,10.42,6.49,3.93
326,2023-01-01,110,27,30192,4,0.20,27.46,18.43,9.03
327,2023-01-01,110,5,24242,1,0.00,9.00,5.61,3.39
328,2023-01-01,109,99,38551,5,0.20,57.36,32.23,25.13
329,2023-01-01,109,34,45484,5,0.00,56.80,37.98,18.82
330,2023-01-01,109,17,29894,5,0.00,73.80,44.90,28.90
331,2023-01-01,109,98,23565,2,0.10,8.44,5.91,2.53
332,2023-01-01,109,95,36060,5,0.15,19.76,11.85,7.91
333,2023-01-01,109,60,26328,1,0.00,7.34,3.82,3.52
334,2023-01-01,108,38,45505,2,0.10,6.64,3.76,2.88
335,2023-01-01,108,70,29972,3,0.15,37.87,25.13,12.74
336,2023-01-01,108,81,15853,5,0.15,37.91,20.07,17.84
337,2023-01-01,108,66,37918,3,0.00,38.19,20.39,17.80
338,2023-01-01,105,92,18043,1,0.15,6.41,3.37,3.04
339,2023-01-01,105,93,48000,4,0.20,18.53,10.15,8.37
340,2023-01-01,105,50,16020,2,0.15,7.51,4.68,2.84
341,2023-01-01,104,42,15770,1,0.00,12.92,7.59,5.33
342,2023-01-01,104,29,360,2,0.10,6.21,4.31,1.90
343,2023-01-01,104,46,376,2,0.00,11.72,7.95,3.77
344,2023-01-01,104,100,13083,4,0.10,25.42,14.87,10.55
345,2023-01-01,103,73,45999,5,0.00,17.80,9.25,8.55
346,2023-01-01,103,40,6970,2,0.00,12.26,8.00,4.26
347,2023-01-01,103,93,5582,4,0.00,50.76,32.55,18.21
348,2023-01-01,102,86,48643,4,0.00,32.84,20.21,12.63
349,2023-01-01,102,47,8288,3,0.20,24.98,13.32,11.66
350,2023-01-01,101,4,9168,2,0.15,25.24,15.90,9.35
351,2023-01-01,101,71,31136,1,0.10,9.06,5.37,3.69
352,2023-01-01,100,98,9251,3,0.00,21.36,12.49,8.87
353,2023-01-01,100,23,23920,2,0.10,26.44,16.84,9.60
354,2023-01-01,100,26,24826,2,0.00,15.46,10.48,4.98
355,2023-01-01,100,15,32346,1,0.10,3.89,2.42,1.47
356,2023-01-01,100,76,46253,2,0.00,24.20,16.44,7.76
357,2023-01-01,100,59,24388,5,0.00,57.35,36.39,20.96
358,2023-01-01,99,47,23839,4,0.00,27.56,17.79,9.77
359,2023-01-01,99,22,40180,1,0.00,10.69,6.03,4.66
360,2023-01-01,99,78,19431,3,0.20,12.38,7.44,4.95
361,2023-01-01,99,64,43036,3,0.10,14.01,9.00,5.02
362,2023-01-01,99,87,12993,1,0.00,5.90,3.34,2.56
363,2023-01-01,99,53,37888,5,0.00,24.00,12.81,11.19
364,2023-01-01,98,51,15518,3,0.15,36.69,20.81,15.89
365,2023-01-01,98,61,49160,5,0.15,39.19,24.16,15.03
366,2023-01-01,98,88,19684,2,0.10,7.00,4.79,2.21
367,2023-01-01,97,29,13827,5,0.00,71.75,45.58,26.17
368,2023-01-01,97,87,26962,3,0.15,25.68,15.07,10.61
369,2023-01-01,97,39,17780,5,0.00,60.70,30.69,30.01
370,2023-01-01,97,97,20137,5,0.00,68.05,47.40,20.65
371,2023-01-01,97,17,11251,2,0.20,10.64,7.27,3.37
372,2023-01-01,97,17,38286,3,0.00,11.25,7.08,4.17
373,2023-01-01,97,9,41936,3,0.00,12.03,6.04,5.99
374,2023-01-01,96,73,1961,3,0.10,35.02,18.73,16.29
375,2023-01-01,96,95,1552,1,0.00,11.35,5.97,5.38
376,2023-01-01,96,56,10713,1,0.00,10.48,6.41,4.07
377,2023-01-01,95,45,2806,5,0.00,38.95,25.05,13.90
378,2023-01-01,95,24,11790,5,0.15,24.27,16.86,7.41
379,2023-01-01,95,77,23075,1,0.15,2.77,1.61,1.16
380,2023-01-01,94,42,29791,4,0.00,38.68,21.05,17.63
381,2023-01-01,94,19,34191,1,0.10,3.09,1.84,1.25
382,2023-01-01,93,80,8468,4,0.00,41.24,25.19,16.05
383,2023-01-01,93,88,12060,3,0.00,42.84,24.79,18.05
384,2023-01-01,93,15,4320,1,0.00,12.16,6.20,5.96
385,2023-01-01,92,11,17402,2,0.00,10.20,7.01,3.19
386,2023-01-01,92,5,45280,2,0.00,7.52,4.24,3.28
387,2023-01-01,92,32,46024,3,0.20,12.55,7.67,4.88
388,2023-01-01,92,30,39435,1,0.20,6.13,3.53,2.60
389,2023-01-01,92,31,24841,3,0.00,10.29,6.43,3.86
390,2023-01-01,91,21,10972,4,0.00,34.32,18.29,16.03
391,2023-01-01,90,80,1783,2,0.00,25.30,16.00,9.30
392,2023-01-01,90,85,47151,1,0.00,13.31,6.91,6.40
393,2023-01-01,90,13,1950,5,0.00,27.20,16.57,10.63
394,2023-01-01,90,68,28536,5,0.15,22.70,12.15,10.55
395,2023-01-01,89,62,18689,4,0.10,45.43,24.61,20.82
396,2023-01-01,89,90,34876,3,0.00,21.24,12.54,8.70
397,2023-01-01,89,1,15886,3,0.00,41.82,23.80,18.02
398,2023-01-01,89,54,48320,5,0.20,59.40,30.95,28.45
399,2023-01-01,89,75,2378,2,0.00,26.26,13.79,12.47
400,2023-01-01,88,8,33317,2,0.15,22.49,15.01,7.48
401,2023-01-01,88,91,38299,3,0.10,39.47,22.87,16.61
402,2023-01-01,87,82,24413,5,0.00,46.20,28.06,18.14
403,2023-01-01,87,41,2512,3,0.00,37.86,23.17,14.69
404,2023-01-01,87,23,25533,3,0.00,43.32,22.06,21.26
405,2023-01-01,86,77,20088,3,0.00,23.61,12.60,11.01
406,2023-01-01,86,91,22777,4,0.15,48.25,30.79,17.45
407,2023-01-01,86,19,16358,5,0.20,46.28,28.17,18.11
408,2023-01-01,86,36,21079,2,0.10,17.30,8.92,8.38
409,2023-01-01,85,87,21474,5,0.00,68.10,42.48,25.62
410,2023-01-01,85,74,5373,3,0.00,19.53,9.78,9.75
411,2023-01-01,84,48,24637,4,0.15,49.37,28.22,21.15
412,2023-01-01,84,68,22879,2,0.00,13.88,8.81,5.07
413,2023-01-01,84,98,35927,4,0.00,45.72,27.99,17.73
414,2023-01-01,84,36,33801,5,0.00,16.85,9.13,7.72
415,2023-01-01,83,36,7896,4,0.00,40.08,25.17,14.91
416,2023-01-01,83,10,717,5,0.00,26.20,14.48,11.72
417,2023-01-01,83,40,35228,1,0.00,7.18,3.81,3.37
418,2023-01-01,83,89,27365,4,0.10,36.72,25.39,11.33
419,2023-01-01,82,31,48449,3,0.15,19.74,11.47,8.27
420,2023-01-01,82,92,33321,1,0.00,12.12,6.36,5.76
421,2023-01-01,81,36,1947,2,0.20,20.10,13.54,6.55
422,2023-01-01,81,40,42354,5,0.00,27.80,15.19,12.61
423,2023-01-01,80,38,784,3,0.00,28.83,16.47,12.36
424,2023-01-01,80,40,46831,2,0.20,15.36,9.22,6.14
425,2023-01-01,80,55,10845,3,0.10,23.98,14.60,9.37
426,2023-01-01,80,89,25470,3,0.00,18.66,9.80,8.86
427,2023-01-01,79,45,25195,5,0.00,51.35,33.92,17.43
428,2023-01-01,79,16,8278,3,0.00,31.53,18.92,12.61
429,2023-01-01,78,47,25633,2,0.00,25.48,14.99,10.49
430,2023-01-01,77,60,10823,4,0.00,59.20,38.27,20.93
431,2023-01-01,77,28,38697,4,0.20,28.32,18.99,9.33
432,2023-01-01,77,30,18318,4,0.20,13.44,6.98,6.46
433,2023-01-01,77,92,20457,5,0.00,25.05,14.94,10.11
434,2023-01-01,76,90,17676,2,0.00,8.16,4.64,3.52
435,2023-01-01,76,2,10670,1,0.15,9.86,6.84,3.02
436,2023-01-01,75,100,34056,5,0.00,32.65,16.85,15.80
437,2023-01-01,75,87,30496,4,0.00,46.32,26.80,19.52
438,2023-01-01,74,27,42685,1,0.00,14.65,9.55,5.10
439,2023-01-01,73,74,12251,3,0.00,17.70,11.54,6.16
440,2023-01-01,73,12,27327,3,0.20,26.18,17.00,9.18
441,2023-01-01,72,93,3905,2,0.00,7.88,4.35,3.53
442,2023-01-01,72,61,20910,3,0.10,18.09,10.55,7.54
443,2023-01-01,72,31,39240,2,0.00,28.70,16.26,12.44
444,2023-01-01,72,6,30048,3,0.10,12.07,8.05,4.02
445,2023-01-01,71,23,32161,3,0.00,10.74,5.89,4.85
446,2023-01-01,71,81,31727,3,0.10,35.07,24.34,10.73
447,2023-01-01,71,64,49299,1,0.10,5.04,3.16,1.88
448,2023-01-01,71,1,34816,2,0.00,14.30,7.33,6.97
449,2023-01-01,71,46,29803,5,0.15,16.45,11.12,5.33
450,2023-01-01,70,39,1251,1,0.00,14.24,9.52,4.72
451,2023-01-01,70,95,538,5,0.00,45.60,27.69,17.91
452,2023-01-01,69,77,24909,4,0.00,21.56,14.66,6.90
453,2023-01-01,67,31,43507,1,0.00,3.63,2.10,1.53
454,2023-01-01,66,89,23519,3,0.20,16.75,11.49,5.26
455,2023-01-01,66,67,11102,2,0.00,9.86,6.26,3.60
456,2023-01-01,66,84,31248,3,0.00,10.80,6.58,4.22
457,2023-01-01,65,55,39498,1,0.00,7.97,4.48,3.49
458,2023-01-01,65,90,40755,3,0.00,14.01,9.50,4.51
459,2023-01-01,64,46,33814,3,0.00,40.14,24.60,15.54
460,2023-01-01,64,75,16881,1,0.00,13.60,7.58,6.02
461,2023-01-01,64,74,7318,1,0.15,5.45,2.74,2.71
462,2023-01-01,64,85,30796,1,0.10,5.66,3.01,2.65
463,2023-01-01,64,44,40662,3,0.00,13.20,6.76,6.44
464,2023-01-01,64,86,38633,2,0.00,6.60,3.67,2.93
465,2023-01-01,63,82,33028,2,0.00,8.44,5.27,3.17
466,2023-01-01,63,22,46999,5,0.00,18.10,9.73,8.37
467,2023-01-01,63,74,3070,4,0.00,56.44,30.12,26.32
468,2023-01-01,62,1,25648,1,0.15,12.07,8.27,3.80
469,2023-01-01,62,97,27044,5,0.10,60.75,31.09,29.66
470,2023-01-01,62,24,1619,4,0.15,31.69,17.01,14.68
471,2023-01-01,61,46,31033,3,0.10,17.20,9.11,8.09
472,2023-01-01,61,19,11827,4,0.00,44.80,28.13,16.67
473,2023-01-01,61,17,9450,5,0.20,30.68,20.60,10.08
474,2023-01-01,61,30,45297,2,0.20,16.32,9.61,6.71
475,2023-01-01,60,83,21891,1,0.00,13.31,9.09,4.22
476,2023-01-01,60,2,17529,2,0.00,10.12,6.22,3.90
477,2023-01-01,59,69,29228,5,0.00,71.15,40.96,30.19
478,2023-01-01,59,28,39551,4,0.15,47.91,25.50,22.40
479,2023-01-01,59,48,7751,4,0.00,40.04,27.66,12.38
480,2023-01-01,59,41,39026,1,0.00,4.51,2.32,2.19
481,2023-01-01,58,9,48267,1,0.00,14.64,9.94,4.70
482,2023-01-01,58,36,48475,2,0.00,21.42,13.57,7.85
483,2023-01-01,58,80,35379,2,0.10,26.03,13.67,12.36
484,2023-01-01,58,64,12542,4,0.00,40.44,25.86,14.58
485,2023-01-01,58,24,32522,4,0.00,32.88,22.52,10.36
486,2023-01-01,57,10,3821,2,0.00,8.84,6.11,2.73
487,2023-01-01,57,41,32734,4,0.10,41.47,27.78,13.70
488,2023-01-01,56,29,39784,4,0.00,37.92,23.43,14.49
489,2023-01-01,56,58,27012,2,0.00,17.96,9.07,8.89
490,2023-01-01,56,19,15723,2,0.00,28.34,15.85,12.49
491,2023-01-01,56,89,37080,3,0.10,17.14,11.15,5.99
492,2023-01-01,56,14,18364,2,0.00,22.04,13.19,8.85
493,2023-01-01,55,98,3165,2,0.00,10.02,6.48,3.54
494,2023-01-01,55,73,41531,4,0.10,15.84,10.32,5.52
495,2023-01-01,55,90,37376,3,0.00,39.39,22.21,17.18
496,2023-01-01,54,71,32013,5,0.00,25.25,13.60,11.65
497,2023-01-01,54,22,8239,1,0.20,6.33,3.90,2.43
498,2023-01-01,53,51,3580,4,0.00,16.16,9.72,6.44
499,2023-01-01,53,88,9455,1,0.10,3.66,2.46,1.20
500,2023-01-01,52,36,5097,3,0.20,20.45,10.47,9.97
501,2023-01-01,52,29,13702,2,0.10,14.04,7.03,7.01
502,2023-01-01,52,51,15963,4,0.15,37.20,22.25,14.95
503,2023-01-01,52,46,38583,1,0.00,4.41,3.01,1.40
504,2023-01-01,51,32,41142,2,0.00,15.02,9.62,5.40
505,2023-01-01,49,5,21249,3,0.00,42.42,24.38,18.04
506,2023-01-01,48,67,17656,3,0.00,36.72,24.30,12.42
507,2023-01-01,48,72,22337,3,0.20,11.69,6.14,5.55
508,2023-01-01,47,81,9665,1,0.00,11.04,6.06,4.98
509,2023-01-01,47,96,49388,3,0.15,34.20,23.25,10.94
510,2023-01-01,47,54,24260,1,0.15,6.75,4.37,2.38
511,2023-01-01,47,24,21938,2,0.00,10.26,6.36,3.90
512,2023-01-01,46,30,9798,5,0.15,46.75,24.43,22.32
513,2023-01-01,46,31,4611,2,0.00,22.72,11.37,11.35
514,2023-01-01,46,76,3096,5,0.00,31.65,18.12,13.53
515,2023-01-01,46,20,6385,1,0.00,6.79,4.48,2.31
516,2023-01-01,46,38,9704,5,0.00,67.10,44.83,22.27
517,2023-01-01,45,41,18632,1,0.15,9.25,5.70,3.55
518,2023-01-01,45,17,10982,1,0.00,10.57,6.23,4.34
519,2023-01-01,45,65,37813,4,0.00,59.60,30.09,29.51
520,2023-01-01,45,89,41181,5,0.00,34.20,22.83,11.37
521,2023-01-01,45,95,42249,2,0.00,8.88,5.76,3.12
522,2023-01-01,45,32,48194,3,0.00,23.70,15.71,7.99
523,2023-01-01,45,57,16254,5,0.00,39.15,20.67,18.48
524,2023-01-01,44,95,37921,3,0.00,40.92,24.24,16.68
525,2023-01-01,43,11,38194,1,0.15,3.37,2.30,1.08
526,2023-01-01,42,42,3659,4,0.00,42.68,22.26,20.42
527,2023-01-01,42,80,10835,2,0.15,25.50,13.22,12.28
528,2023-01-01,42,20,43457,2,0.00,13.52,8.40,5.12
529,2023-01-01,42,66,26393,2,0.00,21.16,12.42,8.74
530,2023-01-01,41,60,1758,3,0.15,25.91,17.10,8.81
531,2023-01-01,41,56,47695,1,0.10,7.25,4.79,2.45
532,2023-01-01,41,5,19634,4,0.00,19.56,10.44,9.12
533,2023-01-01,41,10,12019,3,0.00,29.55,17.63,11.92
534,2023-01-01,40,20,5142,2,0.20,17.63,9.89,7.74
535,2023-01-01,40,68,3753,3,0.00,23.31,14.37,8.94
536,2023-01-01,40,75,18532,2,0.15,11.20,6.83,4.38
537,2023-01-01,39,6,41489,1,0.00,13.12,6.85,6.27
538,2023-01-01,38,44,7806,5,0.00,66.95,40.79,26.16
539,2023-01-01,38,26,43128,3,0.10,14.39,9.75,4.64
540,2023-01-01,38,81,34918,4,0.00,38.60,23.19,15.41
541,2023-01-01,38,10,28362,1,0.00,3.68,1.94,1.74
542,2023-01-01,38,46,12273,2,0.00,24.82,13.88,10.94
543,2023-01-01,37,22,25455,4,0.00,58.12,30.25,27.87
544,2023-01-01,37,65,24308,3,0.00,27.75,17.11,10.64
545,2023-01-01,37,44,27499,1,0.15,12.35,7.30,5.05
546,2023-01-01,37,8,35838,4,0.20,28.86,19.07,9.79
547,2023-01-01,36,94,13109,5,0.00,49.75,27.15,22.60
548,2023-01-01,36,45,48345,2,0.15,5.41,3.64,1.76
549,2023-01-01,36,8,41060,1,0.00,12.13,8.26,3.87
550,2023-01-01,36,58,31588,5,0.00,48.55,26.03,22.52
551,2023-01-01,35,33,37337,1,0.00,3.48,1.90,1.58
552,2023-01-01,35,82,2777,4,0.20,12.51,6.62,5.89
553,2023-01-01,34,77,36573,1,0.00,4.57,2.95,1.62
554,2023-01-01,34,25,1573,4,0.00,48.76,32.15,16.61
555,2023-01-01,34,20,16315,3,0.00,44.76,29.94,14.82
556,2023-01-01,34,12,3739,4,0.00,16.44,9.40,7.04
557,2023-01-01,34,45,31768,1,0.00,11.77,6.14,5.63
558,2023-01-01,34,68,13410,5,0.00,63.65,32.20,31.45
559,2023-01-01,33,55,2224,3,0.00,19.86,11.72,8.14
560,2023-01-01,32,61,41069,1,0.00,4.23,2.17,2.06
561,2023-01-01,32,50,47665,4,0.20,34.46,23.47,10.99
562,2023-01-01,32,50,36275,4,0.10,18.14,10.90,7.25
563,2023-01-01,31,28,18937,3,0.00,34.80,23.73,11.07
564,2023-01-01,31,33,11350,3,0.00,32.16,17.82,14.34
565,2023-01-01,31,48,40984,2,0.00,14.72,8.49,6.23
566,2023-01-01,31,58,11312,2,0.00,23.02,12.28,10.74
567,2023-01-01,30,26,35469,4,0.10,31.86,21.43,10.43
568,2023-01-01,30,60,2659,4,0.10,45.94,27.74,18.20
569,2023-01-01,30,73,3493,1,0.00,10.26,6.55,3.71
570,2023-01-01,30,35,45886,5,0.15,57.29,29.53,27.76
571,2023-01-01,30,11,10902,2,0.00,18.02,9.95,8.07
572,2023-01-01,29,57,9704,5,0.00,33.50,19.15,14.35
573,2023-01-01,29,32,42965,1,0.15,5.49,2.96,2.53
574,2023-01-01,29,23,4677,5,0.10,46.35,26.84,19.51
575,2023-01-01,28,26,35645,5,0.00,71.95,43.29,28.66
576,2023-01-01,28,17,24976,2,0.00,27.54,16.27,11.27
577,2023-01-01,28,61,18230,1,0.00,8.98,5.87,3.11
578,2023-01-01,28,11,34343,3,0.10,37.34,25.48,11.86
579,2023-01-01,28,82,29443,3,0.00,23.85,14.34,9.51
580,2023-01-01,27,22,11723,2,0.00,19.52,10.12,9.40
581,2023-01-01,27,91,1623,1,0.00,3.10,1.61,1.49
582,2023-01-01,27,70,16321,3,0.20,34.78,18.49,16.29
583,2023-01-01,27,59,27266,1,0.10,4.11,2.09,2.02
584,2023-01-01,27,50,34488,3,0.00,37.56,25.27,12.29
585,2023-01-01,26,55,9690,4,0.20,38.34,24.73,13.61
586,2023-01-01,26,75,12853,1,0.15,10.74,7.00,3.74
587,2023-01-01,26,51,49538,1,0.00,13.13,6.68,6.45
588,2023-01-01,26,23,29583,5,0.00,43.05,26.20,16.85
589,2023-01-01,26,95,22802,3,0.00,17.61,9.56,8.05
590,2023-01-01,25,34,36551,1,0.20,3.08,1.92,1.16
591,2023-01-01,25,10,15564,1,0.00,13.18,7.07,6.11
592,2023-01-01,25,18,45516,5,0.00,45.70,30.59,15.11
593,2023-01-01,24,31,22915,1,0.15,9.94,5.75,4.19
594,2023-01-01,24,60,13047,3,0.20,30.89,19.41,11.48
595,2023-01-01,24,74,10529,3,0.00,42.60,28.00,14.60
596,2023-01-01,23,33,44729,4,0.00,58.08,34.68,23.40
597,2023-01-01,22,89,38718,5,0.20,15.20,9.54,5.66
598,2023-01-01,22,94,26700,4,0.20,36.42,20.18,16.23
599,2023-01-01,22,20,29848,2,0.00,24.22,13.08,11.14
600,2023-01-01,21,90,540,1,0.15,7.70,4.05,3.66
601,2023-01-01,21,66,36905,3,0.00,20.55,12.77,7.78
602,2023-01-01,21,21,35269,2,0.00,13.84,9.33,4.51
603,2023-01-01,20,28,11461,1,0.00,7.32,4.37,2.95
604,2023-01-01,20,28,24160,1,0.20,7.40,3.89,3.51
605,2023-01-01,20,4,20413,3,0.00,15.03,8.75,6.28
606,2023-01-01,19,87,48500,5,0.00,32.45,21.21,11.24
607,2023-01-01,19,95,21858,2,0.10,15.35,10.48,4.87
608,2023-01-01,19,83,27828,4,0.00,29.28,15.99,13.29
609,2023-01-01,19,91,25513,3,0.00,44.97,29.99,14.98
610,2023-01-01,19,28,37706,3,0.00,29.01,18.62,10.39
611,2023-01-01,18,92,12892,2,0.20,12.00,7.16,4.84
612,2023-01-01,18,45,6517,2,0.00,29.48,15.08,14.40
613,2023-01-01,18,54,33527,4,0.00,53.96,37.03,16.93
614,2023-01-01,18,40,17893,5,0.20,24.40,17.02,7.38
615,2023-01-01,18,18,5366,2,0.10,23.99,16.40,7.59
616,2023-01-01,18,30,23550,3,0.10,14.58,8.63,5.95
617,2023-01-01,17,19,7024,4,0.20,39.65,26.64,13.01
618,2023-01-01,17,30,45186,3,0.20,8.30,5.77,2.54
619,2023-01-01,16,78,5075,1,0.20,3.56,2.20,1.36
620,2023-01-01,16,40,22853,4,0.20,44.96,27.92,17.04
621,2023-01-01,16,66,19520,4,0.20,31.87,16.11,15.76
622,2023-01-01,15,76,39889,4,0.15,47.06,28.82,18.23
623,2023-01-01,15,17,22043,1,0.00,8.56,5.79,2.77
624,2023-01-01,15,54,23820,5,0.00,62.90,40.88,22.02
625,2023-01-01,15,16,34628,3,0.00,44.34,28.92,15.42
626,2023-01-01,14,53,38115,1,0.20,10.44,5.97,4.47
627,2023-01-01,14,76,5730,4,0.00,18.80,12.35,6.45
628,2023-01-01,14,75,18557,4,0.20,43.20,29.36,13.84
629,2023-01-01,14,93,5094,1,0.00,5.61,3.02,2.59
630,2023-01-01,13,58,28867,1,0.00,13.61,6.83,6.78
631,2023-01-01,13,84,7873,4,0.00,34.28,17.41,16.87
632,2023-01-01,12,80,16173,5,0.00,65.75,42.13,23.62
633,2023-01-01,12,98,8073,4,0.00,18.40,10.41,7.99
634,2023-01-01,11,11,5708,3,0.00,22.05,12.99,9.06
635,2023-01-01,11,24,45374,4,0.15,32.47,18.84,13.63
636,2023-01-01,10,98,1640,2,0.00,7.38,4.34,3.04
637,2023-01-01,10,85,4281,5,0.15,51.55,35.75,15.80
638,2023-01-01,10,5,27449,1,0.00,12.03,6.93,5.10
639,2023-01-01,10,13,27710,3,0.15,35.55,21.93,13.61
640,2023-01-01,9,12,15345,4,0.00,53.28,28.83,24.45
641,2023-01-01,9,83,42463,4,0.00,57.44,29.68,27.76
642,2023-01-01,9,30,38984,1,0.15,9.88,5.57,4.31
643,2023-01-01,9,96,48392,3,0.15,20.76,14.40,6.36
644,2023-01-01,8,30,33233,4,0.15,28.97,16.33,12.64
645,2023-01-01,7,13,10962,3,0.00,38.52,25.41,13.11
646,2023-01-01,7,60,37887,4,0.00,31.04,17.90,13.14
647,2023-01-01,7,27,32369,2,0.20,5.06,2.78,2.28
648,2023-01-01,6,86,47701,4,0.00,24.04,13.66,10.38
649,2023-01-01,6,49,21467,5,0.00,26.55,15.14,11.41
650,2023-01-01,6,98,33479,1,0.00,11.47,7.70,3.77
651,2023-01-01,6,18,17493,4,0.00,58.92,39.29,19.63
652,2023-01-01,6,57,27684,3,0.10,9.99,5.65,4.34
653,2023-01-01,5,74,41831,4,0.00,27.60,16.91,10.69
654,2023-01-01,5,82,37144,2,0.20,18.70,12.71,6.00
655,2023-01-01,5,25,32859,3,0.10,17.25,9.65,7.60
656,2023-01-01,5,29,1394,3,0.00,33.54,18.60,14.94
657,2023-01-01,5,56,30575,3,0.00,29.67,18.60,11.07
658,2023-01-01,5,51,39555,4,0.00,25.76,15.97,9.79
659,2023-01-01,5,89,22918,4,0.10,44.50,26.07,18.43
660,2023-01-01,4,92,15045,3,0.00,35.37,21.76,13.61
661,2023-01-01,4,94,43295,2,0.15,17.59,11.17,6.42
662,2023-01-01,3,45,17354,3,0.15,30.63,20.26,10.37
663,2023-01-01,2,84,11570,3,0.00,34.29,21.25,13.04
664,2023-01-01,2,69,21345,1,0.00,4.09,2.15,1.94
665,2023-01-01,2,70,42566,3,0.00,34.62,21.55,13.07
666,2023-01-01,2,23,28825,3,0.10,40.04,23.92,16.12
667,2023-01-01,2,83,47856,2,0.00,28.98,17.61,11.37
668,2023-01-01,2,54,14637,1,0.00,7.69,4.46,3.23
669,2023-01-01,1,98,44134,5,0.00,23.90,14.21,9.69
670,2023-01-01,1,44,49355,3,0.00,43.74,22.96,20.78
671,2023-01-02,200,24,12798,5,0.00,52.80,34.68,18.12
672,2023-01-02,200,92,21423,5,0.15,18.91,9.49,9.42
673,2023-01-02,200,32,4365,3,0.20,32.09,18.81,13.28
674,2023-01-02,200,96,40417,4,0.00,30.04,16.16,13.88
675,2023-01-02,199,40,36476,2,0.00,20.10,12.63,7.47
676,2023-01-02,199,40,19975,1,0.00,3.36,2.20,1.16
677,2023-01-02,199,17,12711,5,0.00,19.10,9.83,9.27
678,2023-01-02,199,39,44904,4,0.00,54.64,27.57,27.07
679,2023-01-02,199,94,15899,5,0.20,31.76,19.89,11.87
680,2023-01-02,199,16,3858,3,0.10,17.63,8.82,8.81
681,2023-01-02,199,52,46998,5,0.10,40.99,25.84,15.15
682,2023-01-02,199,100,33371,4,0.00,30.52,16.51,14.01
683,2023-01-02,198,91,48989,2,0.00,24.50,13.76,10.74
684,2023-01-02,198,27,34669,5,0.15,17.51,9.23,8.28
685,2023-01-02,198,35,13621,1,0.20,11.34,7.93,3.40
686,2023-01-02,197,86,273,5,0.00,25.90,17.00,8.90
687,2023-01-02,197,37,39846,3,0.00,22.11,11.40,10.71
688,2023-01-02,197,26,21819,5,0.10,64.94,33.27,31.66
689,2023-01-02,196,87,7736,4,0.20,14.98,7.93,7.05
690,2023-01-02,196,5,39533,5,0.00,32.70,22.27,10.43
691,2023-01-02,196,37,26026,5,0.00,55.25,33.59,21.66
692,2023-01-02,196,75,45235,3,0.15,8.24,5.53,2.71
693,2023-01-02,196,99,16864,1,0.00,3.69,2.46,1.23
694,2023-01-02,196,28,26259,2,0.10,12.38,7.59,4.80
695,2023-01-02,196,10,41072,2,0.00,28.50,15.04,13.46
696,2023-01-02,196,96,47443,1,0.15,9.78,6.69,3.09
697,2023-01-02,195,51,29946,4,0.00,18.60,10.11,8.49
698,2023-01-02,194,55,24226,4,0.00,18.20,11.08,7.12
699,2023-01-02,194,10,612,2,0.00,26.68,17.61,9.07
700,2023-01-02,194,77,1713,1,0.15,10.96,6.39,4.58
701,2023-01-02,193,24,3654,3,0.10,21.57,14.01,7.56
702,2023-01-02,193,74,24231,1,0.00,11.66,7.09,4.57
703,2023-01-02,192,3,42475,4,0.00,30.80,16.02,14.78
704,2023-01-02,192,16,43289,4,0.00,35.68,20.14,15.54
705,2023-01-02,192,25,35951,3,0.15,9.74,6.62,3.12
706,2023-01-02,191,46,27312,4,0.00,22.76,12.45,10.31
707,2023-01-02,191,73,31284,1,0.00,4.64,2.49,2.15
708,2023-01-02,191,31,20015,1,0.00,8.87,6.05,2.82
709,2023-01-02,190,68,30369,2,0.20,20.83,13.10,7.74
710,2023-01-02,190,35,21625,3,0.15,26.72,16.16,10.57
711,2023-01-02,190,98,21286,1,0.00,6.64,4.47,2.17
712,2023-01-02,189,95,48309,5,0.20,41.72,21.16,20.56
713,2023-01-02,189,91,21490,1,0.00,14.73,8.57,6.16
714,2023-01-02,189,30,40743,4,0.00,29.68,15.67,14.01
715,2023-01-02,189,43,21284,2,0.15,18.22,11.93,6.30
716,2023-01-02,189,48,29869,4,0.00,41.36,22.22,19.14
717,2023-01-02,188,48,8078,1,0.20,11.77,7.34,4.43
718,2023-01-02,188,45,46228,2,0.00,7.40,4.44,2.96
719,2023-01-02,188,10,8803,2,0.00,10.84,6.74,4.10
720,2023-01-02,187,37,5398,3,0.00,41.76,26.68,15.08
721,2023-01-02,187,76,40052,4,0.20,30.37,15.46,14.91
722,2023-01-02,187,15,41973,2,0.10,20.30,10.84,9.46
723,2023-01-02,187,80,492,1,0.15,4.60,2.82,1.78
724,2023-01-02,186,62,33004,4,0.00,38.56,20.24,18.32
725,2023-01-02,186,71,12732,4,0.00,59.24,39.42,19.82
726,2023-01-02,186,56,34577,3,0.20,20.66,12.20,8.47
727,2023-01-02,186,95,49008,3,0.00,31.32,21.57,9.75
728,2023-01-02,185,1,4082,4,0.00,59.80,35.34,24.46
729,2023-01-02,185,91,8708,3,0.00,14.61,7.96,6.65
730,2023-01-02,184,44,27663,2,0.00,27.04,13.68,13.36
731,2023-01-02,183,14,16629,3,0.00,41.88,23.38,18.50
732,2023-01-02,183,6,24290,1,0.15,7.51,4.30,3.21
733,2023-01-02,183,91,17142,4,0.10,37.26,21.74,15.52
734,2023-01-02,183,45,49613,3,0.00,26.55,18.45,8.10
735,2023-01-02,182,93,49036,5,0.00,22.65,12.72,9.93
736,2023-01-02,182,17,22842,1,0.00,13.36,9.17,4.19
737,2023-01-02,182,77,41618,5,0.00,66.30,44.80,21.50
738,2023-01-02,182,30,42148,4,0.00,53.88,27.23,26.65
739,2023-01-02,181,79,38129,5,0.20,24.08,13.10,10.98
740,2023-01-02,180,58,32101,4,0.20,25.09,13.74,11.35
741,2023-01-02,180,97,11117,4,0.10,43.06,27.23,15.82
742,2023-01-02,180,92,19231,1,0.00,11.37,7.33,4.04
743,2023-01-02,179,94,27084,3,0.00,10.59,6.50,4.09
744,2023-01-02,179,58,33977,3,0.00,22.08,13.54,8.54
745,2023-01-02,179,59,31540,2,0.00,15.54,8.32,7.22
746,2023-01-02,179,86,494,2,0.10,6.07,3.45,2.62
747,2023-01-02,179,37,10999,2,0.00,12.88,6.89,5.99
748,2023-01-02,179,18,7945,1,0.20,10.42,6.86,3.56
749,2023-01-02,179,36,26202,1,0.00,3.46,2.26,1.20
750,2023-01-02,178,86,39205,2,0.00,15.62,8.10,7.52
751,2023-01-02,178,9,43318,1,0.10,7.50,3.84,3.66
752,2023-01-02,178,27,6625,5,0.00,20.30,11.38,8.92
753,2023-01-02,178,54,21294,4,0.00,27.00,16.79,10.21
754,2023-01-02,178,46,35748,3,0.00,23.94,14.80,9.14
755,2023-01-02,176,16,11121,4,0.10,30.82,16.73,14.08
756,2023-01-02,176,35,21264,2,0.00,20.18,10.18,10.00
757,2023-01-02,176,96,18751,3,0.15,23.43,12.00,11.44
758,2023-01-02,175,51,46872,4,0.15,21.28,13.08,8.20
759,2023-01-02,174,92,26372,2,0.00,6.10,4.14,1.96
760,2023-01-02,174,77,12438,1,0.20,3.42,2.36,1.07
761,2023-01-02,174,27,31713,3,0.20,16.85,9.55,7.30
762,2023-01-02,173,52,29430,4,0.00,57.08,34.55,22.53
763,2023-01-02,172,79,47619,5,0.00,59.90,32.39,27.51
764,2023-01-02,172,3,23051,5,0.00,54.40,29.89,24.51
765,2023-01-02,172,75,28379,2,0.00,27.68,15.77,11.91
766,2023-01-02,172,50,11428,5,0.00,44.85,25.21,19.64
767,2023-01-02,171,94,42767,4,0.15,34.68,18.07,16.61
768,2023-01-02,171,43,32454,3,0.15,9.21,4.95,4.25
769,2023-01-02,171,79,5927,2,0.00,7.68,5.27,2.41
770,2023-01-02,170,80,18462,5,0.15,16.32,9.90,6.42
771,2023-01-02,170,74,48018,4,0.00,31.68,20.68,11.00
772,2023-01-02,170,83,8470,1,0.00,14.85,9.22,5.63
773,2023-01-02,170,9,18621,1,0.00,4.61,2.50,2.11
774,2023-01-02,170,87,43590,5,0.15,62.60,31.42,31.18
775,2023-01-02,170,71,22434,4,0.00,13.52,8.35,5.17
776,2023-01-02,169,76,19630,3,0.00,13.50,9.30,4.20
777,2023-01-02,169,67,46930,4,0.00,51.32,31.22,20.10
778,2023-01-02,169,63,32830,4,0.00,37.84,24.00,13.84
779,2023-01-02,168,30,1198,5,0.10,23.67,12.01,11.66
780,2023-01-02,168,73,49822,3,0.10,23.38,12.35,11.03
781,2023-01-02,168,84,15469,1,0.15,3.72,1.92,1.80
782,2023-01-02,168,79,49377,3,0.00,39.24,24.78,14.46
783,2023-01-02,168,5,23827,1,0.10,11.56,6.30,5.25
784,2023-01-02,168,38,12524,5,0.10,43.88,25.75,18.12
785,2023-01-02,167,84,45029,1,0.10,9.22,5.10,4.12
786,2023-01-02,166,2,8333,3,0.00,40.17,26.73,13.44
787,2023-01-02,166,79,25960,2,0.00,16.80,8.41,8.39
788,2023-01-02,165,28,21171,1,0.00,8.40,5.34,3.06
789,2023-01-02,165,50,21787,2,0.10,20.84,14.27,6.57
790,2023-01-02,165,35,16903,3,0.00,12.90,8.11,4.79
791,2023-01-02,165,79,49517,5,0.15,32.60,18.47,14.12
792,2023-01-02,165,58,26295,2,0.00,21.34,10.97,10.37
793,2023-01-02,164,87,5347,4,0.00,16.60,8.50,8.10
794,2023-01-02,164,25,27424,4,0.00,22.12,15.38,6.74
795,2023-01-02,164,42,3144,2,0.00,9.80,5.50,4.30
796,2023-01-02,164,56,37017,3,0.00,23.40,15.32,8.08
797,2023-01-02,164,22,8222,4,0.00,58.96,31.36,27.60
798,2023-01-02,164,18,10600,1,0.00,8.10,4.96,3.14
799,2023-01-02,163,39,36706,5,0.20,22.04,13.43,8.61
800,2023-01-02,163,55,48888,2,0.00,18.70,9.74,8.96
801,2023-01-02,163,81,21675,4,0.00,56.28,28.22,28.06
802,2023-01-02,163,8,19442,4,0.15,20.47,11.74,8.73
803,2023-01-02,163,82,44935,1,0.10,5.24,3.46,1.78
804,2023-01-02,163,61,31174,2,0.15,6.17,3.71,2.46
805,2023-01-02,162,55,9156,4,0.00,47.48,31.67,15.81
806,2023-01-02,162,100,47002,5,0.00,22.70,12.97,9.73
807,2023-01-02,162,31,36295,1,0.15,6.89,3.57,3.32
808,2023-01-02,162,87,12329,2,0.00,18.14,12.52,5.62
809,2023-01-02,162,64,47861,5,0.00,68.15,45.05,23.10
810,2023-01-02,161,46,14908,4,0.10,19.87,10.79,9.08
811,2023-01-02,160,76,8580,1,0.00,12.18,7.60,4.58
812,2023-01-02,160,8,15662,4,0.00,15.36,9.99,5.37
813,2023-01-02,160,82,2735,3,0.10,15.12,8.78,6.34
814,2023-01-02,159,81,33350,4,0.20,45.28,30.96,14.32
815,2023-01-02,159,24,3364,1,0.15,7.99,4.86,3.13
816,2023-01-02,158,28,20673,3,0.15,17.37,10.25,7.12
817,2023-01-02,158,12,38968,3,0.15,14.87,8.65,6.21
818,2023-01-02,158,31,38780,1,0.00,8.04,4.49,3.55
819,2023-01-02,157,31,47112,4,0.20,40.83,24.86,15.97
820,2023-01-02,157,41,23808,5,0.00,74.85,51.05,23.80
821,2023-01-02,157,41,35650,2,0.15,17.32,10.09,7.23
822,2023-01-02,156,20,69,1,0.20,7.57,4.91,2.66
823,2023-01-02,156,97,22700,5,0.10,22.18,14.96,7.23
824,2023-01-02,156,79,1773,5,0.00,19.75,12.63,7.12
825,2023-01-02,155,63,3227,5,0.00,57.10,38.98,18.12
826,2023-01-02,155,31,10388,3,0.00,36.81,20.16,16.65
827,2023-01-02,155,53,33034,5,0.00,54.60,29.79,24.81
828,2023-01-02,154,78,33781,2,0.00,21.42,14.48,6.94
829,2023-01-02,154,40,5447,4,0.15,32.54,16.31,16.23
830,2023-01-02,154,42,24160,1,0.00,9.48,6.47,3.01
831,2023-01-02,154,10,34593,3,0.10,10.85,5.90,4.96
832,2023-01-02,154,31,2577,3,0.20,27.79,19.01,8.78
833,2023-01-02,154,23,14282,5,0.20,40.96,27.46,13.50
834,2023-01-02,153,73,12790,1,0.20,4.59,3.04,1.56
835,2023-01-02,153,44,9200,1,0.00,9.71,4.95,4.76
836,2023-01-02,153,16,47182,1,0.15,9.40,5.32,4.08
837,2023-01-02,153,80,13980,3,0.00,43.71,25.90,17.81
838,2023-01-02,152,69,25823,5,0.00,48.45,27.86,20.59
839,2023-01-02,152,95,22038,3,0.00,40.02,20.40,19.62
840,2023-01-02,152,86,39595,1,0.00,9.56,5.95,3.61
841,2023-01-02,151,20,35992,1,0.00,5.04,2.76,2.28
842,2023-01-02,151,44,17456,5,0.00,22.65,12.48,10.17
843,2023-01-02,151,50,26519,4,0.00,52.24,26.79,25.45
844,2023-01-02,150,63,551,2,0.10,13.57,8.62,4.95
845,2023-01-02,150,19,47662,1,0.00,13.49,7.11,6.38
846,2023-01-02,149,78,43658,5,0.15,31.75,19.28,12.46
847,2023-01-02,149,71,27430,1,0.00,3.37,2.25,1.12
848,2023-01-02,149,64,42663,1,0.10,7.80,4.85,2.95
849,2023-01-02,149,87,47581,5,0.00,34.35,23.47,10.88
850,2023-01-02,148,45,13066,5,0.20,18.80,12.50,6.30
851,2023-01-02,148,66,41284,2,0.20,15.52,9.11,6.41
852,2023-01-02,148,71,26224,3,0.00,26.67,18.19,8.48
853,2023-01-02,147,92,30860,1,0.00,12.31,8.20,4.11
854,2023-01-02,147,2,40373,4,0.00,58.68,31.28,27.40
855,2023-01-02,146,91,5036,1,0.00,7.62,4.26,3.36
856,2023-01-02,146,95,44892,2,0.00,20.50,11.46,9.04
857,2023-01-02,146,29,10644,2,0.00,27.32,18.72,8.60
858,2023-01-02,146,6,37248,2,0.20,9.94,5.41,4.52
859,2023-01-02,146,44,27816,2,0.00,12.42,7.79,4.63
860,2023-01-02,145,84,9960,3,0.15,15.55,9.98,5.58
861,2023-01-02,145,51,10171,3,0.10,38.42,26.79,11.64
862,2023-01-02,144,66,36158,4,0.10,35.64,19.04,16.60
863,2023-01-02,143,70,14135,1,0.00,8.99,5.54,3.45
864,2023-01-02,143,51,646,2,0.00,21.62,13.07,8.55
865,2023-01-02,143,26,49677,2,0.00,22.52,15.59,6.93
866,2023-01-02,143,34,6918,5,0.20,23.48,13.96,9.52
867,2023-01-02,143,21,1807,2,0.15,6.60,4.25,2.34
868,2023-01-02,143,21,47,1,0.10,12.96,6.98,5.98
869,2023-01-02,143,98,23236,2,0.10,8.84,6.09,2.75
870,2023-01-02,143,8,26612,4,0.00,57.16,37.19,19.97
871,2023-01-02,142,53,23716,3,0.00,23.49,15.66,7.83
872,2023-01-02,142,12,35843,3,0.15,35.50,22.46,13.04
873,2023-01-02,141,4,36184,5,0.00,37.25,18.80,18.45
874,2023-01-02,141,4,43958,2,0.00,18.90,9.57,9.33
875,2023-01-02,141,38,49839,3,0.00,31.26,20.36,10.90
876,2023-01-02,140,8,40913,5,0.15,41.90,25.47,16.43
877,2023-01-02,140,75,43657,5,0.15,36.72,20.53,16.19
878,2023-01-02,140,72,47417,4,0.00,23.56,14.16,9.40
879,2023-01-02,139,88,5541,4,0.00,34.76,22.19,12.57
880,2023-01-02,139,24,20314,3,0.15,33.79,20.95,12.83
881,2023-01-02,138,80,44792,4,0.00,48.08,31.88,16.20
882,2023-01-02,138,70,10205,5,0.15,51.47,28.13,23.34
883,2023-01-02,138,88,7285,5,0.15,60.09,41.42,18.68
884,2023-01-02,138,31,2335,3,0.20,31.10,16.21,14.90
885,2023-01-02,138,95,10854,2,0.00,29.98,20.46,9.52
886,2023-01-02,138,17,16539,2,0.00,25.18,13.15,12.03
887,2023-01-02,138,92,30659,1,0.15,7.25,3.96,3.29
888,2023-01-02,138,24,8818,3,0.10,37.10,20.63,16.47
889,2023-01-02,137,17,44459,1,0.00,9.16,4.87,4.29
890,2023-01-02,137,30,32485,2,0.00,19.70,11.84,7.86
891,2023-01-02,137,75,45132,2,0.00,9.74,6.37,3.37
892,2023-01-02,137,52,32526,1,0.00,11.62,7.39,4.23
893,2023-01-02,137,16,37751,1,0.15,9.81,5.47,4.34
894,2023-01-02,136,43,42926,3,0.10,32.13,17.13,15.00
895,2023-01-02,136,40,36570,5,0.00,54.15,32.41,21.74
896,2023-01-02,135,76,12198,3,0.20,15.58,9.98,5.60
897,2023-01-02,135,17,25352,4,0.00,43.12,26.41,16.71
898,2023-01-02,135,16,31436,4,0.10,30.31,18.91,11.41
899,2023-01-02,134,5,15613,5,0.20,55.76,38.80,16.96
900,2023-01-02,134,20,47566,3,0.00,30.45,17.52,12.93
901,2023-01-02,134,33,1705,4,0.20,14.88,9.35,5.53
902,2023-01-02,133,78,21432,3,0.00,24.84,17.29,7.55
903,2023-01-02,133,55,8761,4,0.20,18.94,11.50,7.44
904,2023-01-02,132,2,18095,2,0.00,28.40,19.37,9.03
905,2023-01-02,132,86,14045,2,0.00,16.40,10.52,5.88
906,2023-01-02,132,54,21876,2,0.15,22.71,14.06,8.65
907,2023-01-02,131,71,37163,2,0.15,13.65,8.76,4.89
908,2023-01-02,131,59,46445,1,0.00,3.58,2.06,1.52
909,2023-01-02,131,66,49525,5,0.00,68.10,45.82,22.28
910,2023-01-02,131,96,21843,5,0.00,48.85,29.13,19.72
911,2023-01-02,131,32,45540,3,0.00,16.68,9.25,7.43
912,2023-01-02,130,28,32148,2,0.15,11.13,6.83,4.30
913,2023-01-02,130,16,6938,3,0.00,30.99,20.21,10.78
914,2023-01-02,130,33,6102,1,0.00,4.27,2.21,2.06
915,2023-01-02,130,47,10707,5,0.15,34.04,21.62,12.43
916,2023-01-02,129,86,3492,2,0.00,29.28,17.57,11.71
917,2023-01-02,129,24,8148,5,0.00,27.55,13.78,13.77
918,2023-01-02,129,21,5203,4,0.20,28.83,17.67,11.16
919,2023-01-02,129,46,13793,4,0.00,32.52,22.19,10.33
920,2023-01-02,129,38,14464,4,0.00,34.60,23.80,10.80
921,2023-01-02,129,21,5969,5,0.20,14.92,9.36,5.56
922,2023-01-02,129,66,38700,1,0.10,5.17,3.42,1.76
923,2023-01-02,129,20,7183,4,0.00,55.80,32.98,22.82
924,2023-01-02,128,91,38568,5,0.00,64.80,41.94,22.86
925,2023-01-02,128,53,36216,4,0.00,58.08,31.77,26.31
926,2023-01-02,128,13,3297,5,0.20,36.72,23.04,13.68
927,2023-01-02,127,52,2565,5,0.00,63.10,37.71,25.39
928,2023-01-02,127,33,36395,2,0.10,20.90,14.35,6.54
929,2023-01-02,127,2,21670,2,0.00,11.44,7.75,3.69
930,2023-01-02,127,24,16441,5,0.10,24.66,16.35,8.31
931,2023-01-02,126,39,19336,5,0.00,36.80,19.38,17.42
932,2023-01-02,126,97,3267,2,0.10,9.70,5.43,4.27
933,2023-01-02,126,96,14044,4,0.15,10.23,5.49,4.74
934,2023-01-02,126,60,27170,2,0.00,17.74,9.27,8.47
935,2023-01-02,124,93,26703,1,0.00,12.44,6.66,5.78
936,2023-01-02,124,55,19672,3,0.20,12.58,6.49,6.09
937,2023-01-02,124,75,2606,4,0.00,37.48,24.55,12.93
938,2023-01-02,124,42,17041,3,0.00,27.66,17.04,10.62
939,2023-01-02,124,53,30219,1,0.00,3.43,1.89,1.54
940,2023-01-02,123,48,41557,1,0.00,5.78,3.05,2.73
941,2023-01-02,123,80,16169,4,0.00,47.08,30.74,16.34
942,2023-01-02,123,95,3641,2,0.15,14.36,9.51,4.86
943,2023-01-02,122,5,7752,1,0.00,14.74,8.35,6.39
944,2023-01-02,121,80,25116,2,0.00,20.12,10.53,9.59
945,2023-01-02,121,50,49459,5,0.10,61.96,33.01,28.95
946,2023-01-02,121,42,20017,5,0.00,46.50,24.38,22.12
947,2023-01-02,121,78,28280,3,0.00,41.49,22.93,18.56
948,2023-01-02,120,100,24413,2,0.00,12.84,8.80,4.04
949,2023-01-02,120,99,49940,2,0.20,4.91,2.88,2.03
950,2023-01-02,120,7,42536,1,0.20,6.72,4.01,2.71
951,2023-01-02,120,70,14148,5,0.00,49.85,26.96,22.89
952,2023-01-02,120,35,3645,3,0.00,29.88,15.55,14.33
953,2023-01-02,120,66,43918,5,0.00,15.20,8.22,6.98
954,2023-01-02,119,11,9254,5,0.15,50.74,30.42,20.32
955,2023-01-02,119,5,32229,5,0.20,12.60,7.43,5.17
956,2023-01-02,119,12,30441,1,0.00,5.95,3.88,2.07
957,2023-01-02,119,20,12864,4,0.00,47.40,30.51,16.89
958,2023-01-02,119,94,33345,5,0.00,23.60,13.14,10.46
959,2023-01-02,119,17,39162,3,0.00,33.90,22.85,11.05
960,2023-01-02,118,56,41701,5,0.00,42.00,27.43,14.57
961,2023-01-02,118,40,28377,2,0.00,11.10,7.31,3.79
962,2023-01-02,117,83,11934,4,0.20,44.45,31.09,13.36
963,2023-01-02,117,54,17068,1,0.20,2.93,1.92,1.00
964,2023-01-02,117,67,18050,1,0.20,2.80,1.50,1.30
965,2023-01-02,117,6,4840,2,0.20,12.42,6.36,6.06
966,2023-01-02,117,36,16937,3,0.00,17.07,11.35,5.72
967,2023-01-02,117,75,40043,5,0.00,63.45,31.82,31.63
968,2023-01-02,117,65,37207,5,0.00,43.20,26.02,17.18
969,2023-01-02,117,16,2248,2,0.00,19.86,9.98,9.88
970,2023-01-02,116,81,21334,3,0.00,18.18,12.00,6.18
971,2023-01-02,116,99,46226,4,0.00,52.48,30.88,21.60
972,2023-01-02,116,57,42209,2,0.00,27.80,18.46,9.34
973,2023-01-02,116,77,7583,4,0.00,45.04,26.75,18.29
974,2023-01-02,116,49,39170,5,0.00,28.80,19.37,9.43
975,2023-01-02,116,69,7102,2,0.15,6.83,4.64,2.19
976,2023-01-02,115,81,1527,4,0.20,28.45,16.92,11.53
977,2023-01-02,115,70,37462,5,0.00,21.10,14.01,7.09
978,2023-01-02,115,12,24415,1,0.00,4.28,2.44,1.84
979,2023-01-02,115,29,41069,3,0.00,36.87,21.96,14.91
980,2023-01-02,114,10,26071,1,0.00,13.37,7.54,5.83
981,2023-01-02,114,36,30152,5,0.00,69.40,34.84,34.56
982,2023-01-02,114,8,35403,5,0.00,25.50,13.19,12.31
983,2023-01-02,114,69,30460,1,0.00,9.09,5.37,3.72
984,2023-01-02,114,89,25905,5,0.15,14.58,10.00,4.58
985,2023-01-02,114,24,2707,1,0.00,3.67,1.97,1.70
986,2023-01-02,113,94,28129,1,0.00,4.21,2.19,2.02
987,2023-01-02,113,91,8132,2,0.20,20.66,13.68,6.97
988,2023-01-02,113,38,3313,5,0.20,57.04,35.91,21.13
989,2023-01-02,113,60,23050,2,0.00,20.78,12.50,8.28
990,2023-01-02,112,91,41272,2,0.20,18.19,12.57,5.62
991,2023-01-02,112,24,26690,3,0.00,25.11,15.29,9.82
992,2023-01-02,112,56,24751,3,0.20,14.38,9.26,5.12
993,2023-01-02,112,80,40769,3,0.00,10.44,7.11,3.33
994,2023-01-02,110,98,25213,4,0.00,40.32,22.86,17.46
995,2023-01-02,110,30,7879,4,0.20,45.66,25.39,20.27
996,2023-01-02,109,1,20283,2,0.00,19.56,11.44,8.12
997,2023-01-02,109,96,1586,3,0.00,40.83,26.27,14.56
998,2023-01-02,109,17,39630,5,0.15,14.36,7.67,6.70
999,2023-01-02,109,71,37959,3,0.15,9.49,6.61,2.88
1000,2023-01-02,109,17,48511,4,0.10,12.28,7.70,4.58
